1={1: 0, 2: 32, 3: 1}
2={1: -32, 2: 0, 3: 23, 11: 13, 12: 0, 162: -1, 273: 0, 58: 3}
3={1: -1, 2: -23, 3: 0, 11: 3, 12: 18, 162: -2, 58: 2}
4={4: 0, 5: -11, 6: 6, 11: 11, 12: 0, 14: 1, 144: -2, 145: 3, 20: -1, 153: 3, 28: -2, 29: -2, 286: 1, 162: -1, 163: -1, 169: 7, 566: -1, 57: -4, 58: -2, 62: 1, 72: -3, 73: -2, 74: -2, 211: -1, 84: 1, 108: 1, 377: 0, 122: -4, 123: 9, 124: 10, 125: -2, 126: 4}
5={128: -1, 384: -1, 4: 11, 5: 0, 6: 19, 7: -2, 8: 0, 9: -2, 11: 14, 12: 1, 13: 1, 14: 16, 15: 2, 144: -3, 145: -3, 20: 2, 21: -2, 150: 5, 89: 2, 153: 0, 154: 1, 28: 9, 29: 4, 30: 9, 287: 2, 32: 1, 41: 1, 278: 1, 36: 7, 165: -1, 166: -1, 167: -1, 31: 1, 169: 10, 170: 6, 171: 1, 172: 1, 285: 1, 304: 0, 178: 0, 180: -1, 286: 5, 54: 1, 55: 1, 312: 1, 57: -5, 314: 1, 59: 3, 60: 0, 189: -1, 68: 2, 325: 2, 70: 1, 327: 1, 72: 0, 73: 0, 74: -1, 204: -1, 210: -2, 211: -2, 84: 0, 85: 0, 284: 2, 164: -1, 143: 1, 58: 1, 37: 5, 485: 1, 252: 1, 108: 1, 61: 1, 140: -1, 119: 4, 120: 4, 122: -2, 123: 1, 124: 5, 125: -2, 126: 2, 127: 2}
6={128: -1, 384: -1, 4: -6, 5: -19, 6: 0, 7: 0, 8: 0, 9: 1, 10: 1, 11: -1, 12: -2, 14: -6, 15: -1, 144: -1, 145: 1, 20: -2, 21: 1, 150: 8, 153: 1, 68: 1, 154: 1, 28: 1, 29: -2, 30: 13, 287: -1, 36: 8, 37: 3, 38: 1, 156: 3, 170: 2, 171: 1, 428: -1, 157: 3, 49: 1, 178: 0, 180: -1, 286: 1, 54: -5, 55: -2, 57: -2, 59: 2, 188: 3, 61: 1, 169: -1, 63: 0, 196: 1, 325: 1, 326: 1, 327: 1, 72: 1, 73: -2, 183: -1, 210: -4, 211: -1, 84: 2, 41: 1, 88: 0, 89: 0, 351: 1, 344: 1, 315: 1, 485: 1, 60: 5, 127: -1, 108: -2, 109: 1, 382: -1, 119: 1, 120: 0, 212: -1, 122: -2, 123: 2, 124: 4, 126: -3, 149: 2}
7={5: 2, 6: 0, 7: 0, 8: 1, 11: -1, 14: 0, 15: -2, 88: -2, 20: 0, 21: -1, 150: 2, 154: 1, 28: -3, 29: -5, 30: -2, 159: 1, 36: -2, 37: 1, 38: 2, 284: -1, 42: 1, 428: -1, 157: 2, 48: 1, 49: 1, 435: 1, 54: 0, 55: -1, 59: 3, 60: 3, 61: 2, 169: -1, 100: 2, 578: -1, 325: 1, 156: 1, 84: 1, 85: 1, 505: -1, 344: 1, 89: -2, 212: -1, 188: 2, 108: 0, 115: 1, 374: 1, 41: 1, 148: 1, 122: -1, 382: -1, 149: 1}
8={5: 0, 6: 0, 7: -1, 8: 0, 9: 4, 10: 2, 13: 1, 14: -1, 15: -1, 16: -1, 344: -1, 18: -1, 148: 1, 149: 0, 150: 1, 154: 0, 156: 1, 29: -5, 30: -3, 159: 1, 32: 1, 560: 1, 36: -2, 37: -3, 38: 5, 31: 0, 28: -1, 157: 2, 48: 2, 49: 3, 434: -1, 435: 1, 180: -1, 54: -1, 55: -1, 59: 3, 60: 1, 61: 6, 62: 7, 63: 1, 192: 1, 326: 1, 70: -1, 84: -3, 85: 0, 88: -1, 169: -1, 482: 1, 100: 0, 17: -1, 108: -2, 115: 0, 190: 2, 41: 1, 212: -1, 382: -1}
9={514: 1, 5: 2, 6: -1, 8: -4, 9: 0, 10: -1, 13: 2, 18: -1, 19: 4, 21: -1, 22: -1, 23: 1, 24: 4, 25: 1, 26: 1, 28: -1, 29: -1, 30: -2, 31: 2, 32: 3, 35: 2, 36: -1, 37: -4, 38: 2, 39: 2, 40: 1, 48: 0, 49: 7, 50: 1, 51: 1, 55: -3, 56: 0, 59: -1, 60: 0, 61: 3, 62: 6, 63: 2, 64: -1, 69: -1, 70: -1, 82: 0, 84: 0, 85: -1, 86: 2, 87: 1, 88: -3, 91: 1, 100: 1, 108: -1, 111: 1, 115: 3, 116: 3, 118: -1, 119: -1, 128: -1, 129: -1, 140: -2, 142: -3, 146: 1, 148: 1, 149: -1, 151: 1, 154: 0, 155: -1, 156: 2, 157: -3, 161: 1, 178: -1, 179: 1, 190: 1, 193: 1, 217: -2, 227: -1, 254: -1, 256: 1, 259: 1, 278: -1, 279: -1, 284: -1, 560: 1, 312: 1, 316: -2, 321: 1, 322: -1, 327: -1, 328: -1, 338: 1, 375: 1, 376: 1, 385: -1, 386: 1, 428: -1, 434: -1, 435: 1, 498: -1, 499: -1, 507: -1, 508: -1}
10={130: -1, 6: -1, 8: -2, 9: 1, 11: -1, 13: 2, 149: 0, 150: 1, 157: 1, 30: 1, 31: 1, 37: 1, 38: 0, 49: 1, 178: 1, 53: 1, 59: 1, 61: 1, 62: 0, 63: 1, 70: -1, 190: -1, 82: 1, 83: 1, 84: -1, 90: -1, 355: -1, 117: 1, 119: 1}
11={2: -13, 3: -3, 4: -11, 5: -14, 6: 1, 7: 1, 10: 1, 11: 0, 12: 12, 14: -4, 144: 3, 273: -2, 274: -1, 275: -1, 148: 1, 154: 1, 28: -2, 163: 0, 36: -1, 169: 4, 73: -1, 184: 1, 57: -3, 58: -3, 59: 1, 188: 1, 62: 1, 72: -3, 140: 1, 183: 1, 211: 1, 212: -1, 377: -1, 89: -1, 145: 3, 108: 2, 276: -1, 122: 0, 123: 6, 124: 4, 125: 14, 126: 2, 127: 1}
12={2: 0, 3: -18, 4: 0, 5: -1, 6: 2, 72: -1, 124: 1, 11: -12, 12: 0, 14: -3, 125: 5, 144: -2, 163: 1, 169: 7, 57: -1, 58: -3, 123: 5, 28: -3, 29: -2, 377: 0}
13={128: -1, 256: 1, 5: -1, 8: -1, 9: -2, 10: -2, 23: -1, 13: 0, 142: -3, 143: -2, 24: 5, 19: 3, 21: -2, 279: -1, 280: -1, 281: -1, 282: -1, 284: -1, 26: 3, 30: -1, 31: -1, 32: 3, 161: 1, 34: 1, 35: 2, 37: -4, 38: 0, 39: -1, 40: 1, 173: 1, 49: 2, 50: 2, 51: 1, 52: 1, 53: 1, 56: -1, 116: 1, 316: -1, 61: 2, 62: 8, 181: 1, 64: 0, 65: 1, 194: -1, 33: 1, 329: -1, 330: -1, 331: -1, 525: -1, 120: -1, 82: 1, 227: 1, 84: -1, 85: -2, 86: 3, 87: 3, 91: 1, 355: -1, 108: -2, 338: 1, 238: -1, 111: 1, 368: -1, 25: 6, 119: -2, 248: 1, 191: 1, 127: -1}
14={4: -1, 5: -16, 6: 6, 7: 0, 8: 1, 11: 4, 12: 3, 14: 0, 15: 2, 144: -1, 145: 0, 146: 1, 20: 3, 21: 2, 89: -1, 153: -1, 28: 5, 286: 2, 304: -1, 36: 4, 345: 1, 169: -1, 170: 1, 48: -1, 435: 1, 30: 1, 57: -1, 314: 1, 189: -1, 190: -1, 68: 1, 74: 0, 119: 2, 109: 1, 84: 1, 86: 1, 216: 1, 217: 1, 463: 1, 108: 2, 365: 1, 374: 1, 375: 1, 376: 1, 123: 0, 125: -1, 126: 0}
15={36: -1, 5: -2, 6: 1, 7: 2, 8: 1, 14: -2, 145: 1, 21: 1, 150: -1, 119: 1, 88: 1, 89: 1, 28: 1, 29: 1, 126: 0}
16={8: 1, 21: 1}
17={8: 1}
18={38: -1, 8: 1, 9: 1, 21: 0, 22: 0, 121: 1, 217: 1, 157: -1, 31: 1}
19={130: -2, 9: -4, 13: -3, 557: -1, 19: 0, 148: -1, 21: -1, 22: 1, 24: -2, 25: 2, 26: 4, 27: 1, 157: -1, 31: 0, 32: -1, 34: 0, 155: 1, 38: -1, 39: 0, 40: 1, 426: 1, 173: 3, 177: 1, 50: 2, 51: -1, 52: 3, 53: 1, 62: -9, 63: -1, 64: -1, 193: 1, 49: -2, 269: 1, 82: 5, 83: 0, 86: -1, 87: 0, 227: 1, 233: -1, 108: -1, 111: -1, 241: 1, 339: 1, 117: 0, 118: -1, 119: -1, 120: -1}
20={4: 1, 5: -2, 6: 2, 7: 0, 14: -3, 60: -1, 20: 0, 21: -2, 278: 2, 279: 1, 28: -7, 29: -1, 30: 5, 287: -1, 36: -1, 37: 5, 38: 3, 169: 0, 157: 1, 184: 1, 57: -1, 70: -1, 61: -1, 62: 0, 63: 1, 68: -2, 197: 1, 198: 1, 72: -1, 73: -1, 74: -2, 75: -1, 76: -1, 205: -1, 156: 2, 211: -1, 212: 0, 85: 1, 89: 1, 227: 1, 100: -1, 188: 2, 108: -2, 150: 1, 120: 1, 84: 2, 123: 1, 124: 1}
21={5: 2, 6: -1, 7: 1, 9: 1, 13: 2, 14: -2, 15: -1, 16: -1, 18: 0, 19: 1, 20: 2, 21: 0, 22: 5, 23: 1, 24: 2, 25: 1, 26: 1, 27: 1, 30: -1, 31: 3, 32: 0, 35: 1, 36: -2, 37: 5, 38: 1, 47: 1, 48: 1, 54: -1, 59: 0, 60: -1, 61: 3, 62: 5, 68: -1, 69: -2, 73: -1, 74: -1, 79: 1, 82: 2, 84: 3, 85: 1, 90: -1, 108: -5, 113: 1, 118: 1, 119: 6, 120: 3, 121: 1, 124: 4, 126: 0, 127: 2, 142: 1, 143: 2, 145: 1, 146: 3, 149: -1, 150: 0, 151: 1, 153: -1, 154: -1, 156: 6, 157: 3, 174: 1, 178: 0, 185: 1, 187: 3, 188: 0, 189: 1, 192: -1, 193: -2, 198: 1, 199: 1, 200: 1, 204: -1, 205: -1, 210: -1, 216: 0, 227: 0, 246: 0, 247: 0, 270: 1, 279: 1, 296: -1, 301: 1, 307: 1, 310: 1, 312: -1, 313: 0, 332: 1, 333: 1, 334: 1, 335: 1, 347: -1, 348: -1, 365: -1, 366: -1, 381: -1, 462: -1, 470: 1, 471: 1, 480: -1}
22={128: 0, 256: -1, 594: 1, 129: 1, 9: 1, 140: -1, 142: -1, 145: -2, 18: 0, 19: -1, 21: -5, 22: 0, 151: 1, 154: 1, 155: -1, 156: 2, 157: -1, 158: -2, 159: -2, 32: 0, 33: 0, 37: 2, 49: 0, 31: 2, 306: -1, 47: 0, 305: 1, 50: 1, 51: 1, 74: -1, 30: -2, 54: -1, 183: -1, 312: -1, 59: 1, 296: -1, 61: -2, 62: 1, 309: 1, 193: -1, 70: 1, 200: 1, 202: 1, 79: 1, 336: 1, 82: 0, 84: -1, 85: 1, 214: 1, 471: 1, 88: 2, 91: 0, 80: 1, 227: -2, 108: 0, 210: 0, 113: 1, 370: 1, 372: -1, 187: 1, 118: 0, 119: -3, 376: 1, 121: 1, 63: 0, 126: -1, 127: -2}
23={9: -1, 140: 1, 13: 1, 142: 1, 146: -1, 21: -1, 24: 2, 25: 1, 26: 1, 155: -1, 30: 1, 33: -1, 34: -1, 35: 0, 37: 0, 47: 0, 304: -1, 52: 1, 186: 1, 60: 1, 62: -1, 194: 1, 200: 1, 336: 1, 337: 1, 82: 0, 559: 1, 86: 1, 87: -1, 88: -1, 227: -1, 115: -1, 118: 1, 119: -2, 120: -2, 126: -1}
24={128: -2, 384: -1, 130: -3, 259: 1, 193: -1, 405: -1, 9: -4, 13: -5, 142: 1, 143: -1, 400: -1, 152: 1, 146: -2, 19: 2, 21: -2, 23: -2, 24: 0, 25: -1, 26: 1, 155: 1, 30: -1, 159: -2, 32: -4, 33: -2, 34: -1, 35: 3, 37: -3, 38: -4, 49: 1, 129: -2, 173: 1, 47: -4, 177: 1, 50: 1, 51: 1, 52: 1, 53: 1, 56: -1, 186: 1, 31: -1, 61: 1, 62: 0, 258: -1, 160: -2, 70: 1, 161: -1, 200: 1, 339: 1, 331: -1, 336: 1, 82: 2, 83: 1, 85: -1, 86: 1, 98: -2, 227: -1, 228: 1, 408: -1, 108: -1, 367: -1, 115: -1, 117: 1, 118: 1, 119: -4, 120: -1, 121: -2, 247: -1, 127: -1}
25={128: -1, 130: -3, 131: -1, 9: -1, 138: -1, 87: 3, 13: -6, 142: 1, 143: 1, 408: -1, 146: -4, 19: -2, 21: -1, 23: -1, 24: 1, 25: 0, 26: 5, 155: 1, 30: -1, 31: 0, 32: 0, 161: -2, 34: -2, 35: 4, 37: -3, 38: -3, 39: -4, 40: 0, 173: 1, 47: -1, 49: -1, 50: -1, 51: 2, 53: 1, 283: -1, 61: 1, 62: -2, 193: -1, 322: -1, 203: -1, 33: -2, 258: -1, 331: -1, 336: 1, 56: -1, 82: 1, 291: -1, 86: -2, 215: 1, 98: 1, 228: 1, 233: -1, 362: -1, 108: -1, 83: 1, 117: 1, 119: -2, 120: -1, 121: 1, 127: -1}
26={257: -1, 130: -2, 131: -1, 132: -1, 133: -1, 136: -1, 137: -1, 138: 1, 139: 0, 13: -3, 179: 1, 146: -3, 19: -4, 174: -3, 23: -1, 24: -1, 25: -5, 26: 0, 155: 0, 86: -4, 31: -1, 32: -3, 161: -1, 34: -3, 35: 1, 37: -1, 38: -4, 39: -1, 40: 3, 173: 0, 302: -1, 47: 0, 27: -2, 50: -2, 51: 1, 53: 5, 9: -1, 56: -1, 62: -1, 191: -1, 193: -2, 322: -1, 195: -2, 331: -1, 336: 1, 337: 1, 82: 0, 83: 1, 203: -1, 87: 1, 98: 0, 227: -1, 228: 1, 101: 1, 102: 0, 259: -1, 46: -1, 117: 3, 120: -1, 21: -1}
27={130: -1, 137: 1, 19: -1, 277: 1, 26: 2, 32: 0, 33: 1, 34: 0, 35: 2, 39: 0, 40: 3, 300: 1, 432: 1, 53: -2, 323: -1, 161: 1, 82: -1, 291: -1, 87: 1, 101: 2, 102: 1, 103: 1, 114: -1, 83: -1, 21: -1}
28={4: 2, 5: -9, 6: -1, 7: 3, 8: 1, 9: 1, 11: 2, 12: 3, 14: -5, 15: -1, 144: -1, 145: -1, 20: 7, 150: 1, 153: 0, 28: 0, 30: 2, 36: 2, 37: 1, 41: -2, 170: -1, 301: 1, 178: 1, 54: -1, 57: -1, 59: -1, 188: 1, 169: -2, 72: 2, 73: 0, 84: 2, 85: 1, 89: 0, 104: -1, 108: -1, 112: 1, 113: 1, 119: 1, 120: 1, 122: 0, 123: -1, 124: -1, 126: 0}
29={4: 2, 5: -4, 6: 2, 7: 5, 8: 5, 9: 1, 12: 2, 142: 1, 15: -1, 145: -1, 146: 1, 20: 1, 157: 1, 41: 3, 42: 2, 29: 0, 49: 1, 56: 1, 63: 1, 73: 3, 85: 1, 97: 1, 104: 1, 126: -1}
30={129: -1, 5: -9, 6: -13, 7: 2, 8: 3, 9: 2, 10: -1, 407: 1, 140: -1, 13: 1, 14: -1, 146: 0, 147: -1, 148: 0, 21: 1, 22: 2, 23: -1, 24: 1, 25: 1, 154: 0, 156: -2, 157: -1, 30: 0, 31: -1, 36: -1, 37: -1, 406: 1, 41: -4, 42: 0, 142: -1, 48: -2, 49: 1, 178: -2, 51: 1, 54: 1, 55: 0, 56: 1, 313: -1, 314: 1, 59: -2, 188: -4, 61: -2, 190: -1, 63: 0, 65: 1, 69: 1, 150: -1, 70: 1, 72: 1, 119: 1, 28: -2, 89: -1, 464: 1, 465: 1, 118: 1, 355: 1, 84: 0, 85: 0, 345: 1, 346: 1, 219: 1, 349: 1, 96: 2, 97: 2, 98: 1, 315: 1, 60: -2, 362: 1, 108: -6, 109: 1, 111: 1, 368: 1, 115: -1, 316: 0, 62: -1, 189: -1, 361: 2, 120: -1, 20: -5, 122: 1, 170: -3, 126: -1, 149: -1}
31={129: -1, 260: 1, 5: -1, 8: 0, 9: -2, 10: -1, 268: 1, 13: 1, 142: -1, 143: 0, 18: -1, 19: 0, 148: -1, 21: -3, 22: -2, 151: -1, 24: 1, 25: 0, 26: 1, 155: 0, 156: -1, 157: -1, 30: 1, 31: 0, 240: -1, 37: 1, 38: -1, 39: -1, 40: -1, 41: 1, 370: -1, 174: 2, 175: 1, 176: 1, 307: -1, 310: 1, 56: 3, 185: -1, 187: -1, 316: 1, 317: -1, 62: -2, 63: 2, 64: 1, 194: -1, 70: 1, 112: -1, 210: -1, 85: 0, 121: 1, 89: -1, 91: -1, 92: 1, 478: -1, 97: 1, 98: 2, 111: -1, 368: -1, 114: -1, 118: -1, 119: -1, 120: 1, 249: -1}
32={51: 1, 258: -1, 259: -2, 260: -1, 5: -1, 8: -1, 9: -3, 266: -1, 215: -1, 268: 1, 13: -3, 143: -1, 152: -1, 19: 1, 148: -1, 21: 0, 22: 0, 151: -1, 24: 4, 25: 0, 26: 3, 27: 0, 248: 1, 289: -2, 290: -3, 155: -3, 38: -1, 305: -1, 40: 1, 41: -1, 43: -1, 556: -1, 45: 2, 174: -2, 47: 2, 49: -1, 50: 2, 179: 1, 52: -1, 56: -1, 186: 1, 187: -1, 316: 1, 61: -1, 62: -3, 191: -1, 195: -1, 70: -1, 34: -1, 81: -1, 82: 1, 83: 0, 86: -6, 249: 2, 91: -1, 220: -1, 35: 1, 97: -1, 98: 0, 227: -1, 46: -1, 237: -1, 112: -1, 113: -1, 243: 1, 117: 1, 157: -1, 119: -1, 120: 0, 121: 1, 250: 1}
33={13: -1, 22: 0, 23: 1, 24: 2, 25: 2, 27: -1, 292: -1, 37: 1, 38: -1, 45: 1, 174: 1, 47: 1, 176: 1, 50: 1, 52: 1, 317: 1, 324: -1, 79: -1, 82: 1, 83: 2, 86: -1, 249: 1, 91: -1, 98: 1, 233: -1, 120: 1, 121: 1}
34={257: -1, 155: -1, 13: -1, 146: -1, 19: 0, 46: -1, 23: 1, 24: 1, 25: 2, 26: 3, 27: 0, 32: 1, 35: -2, 38: 1, 40: 0, 297: -1, 45: 1, 174: 1, 47: -1, 176: 1, 177: 1, 50: 0, 51: 1, 52: -1, 56: -1, 317: 1, 62: -1, 191: 1, 79: -1, 82: -1, 83: -1, 91: -2, 98: 0, 114: 1, 243: 2, 244: -1, 119: -1}
35={130: -2, 155: -1, 179: 0, 137: 1, 138: -1, 290: -1, 13: -2, 173: 2, 146: -1, 21: -1, 23: 0, 24: -3, 25: -4, 26: -1, 27: -2, 416: -1, 417: -1, 418: -1, 35: 0, 39: -1, 40: -12, 298: -1, 299: -1, 300: 1, 45: 2, 46: 1, 47: 1, 432: 1, 177: 1, 50: 0, 51: -1, 52: 0, 53: 10, 9: -2, 56: -3, 308: -1, 186: -3, 318: 1, 309: -1, 320: 1, 32: -1, 245: -2, 373: 1, 233: -1, 201: 3, 258: -1, 34: 2, 79: -1, 81: -1, 82: -3, 83: -3, 86: -1, 215: -1, 91: 1, 220: -1, 98: -1, 113: -1, 101: 4, 102: 6, 103: 2, 105: 2, 106: 2, 107: 3, 191: -2, 174: -3, 369: 1, 114: 3, 243: 2, 244: -1, 117: 0, 118: -1, 119: -2, 120: -1, 319: 1, 253: -1, 277: 1}
36={128: -1, 5: -7, 6: -8, 7: 2, 8: 2, 9: 1, 11: 1, 14: -4, 15: 1, 147: 1, 20: 1, 21: 2, 150: 0, 89: -2, 28: -2, 30: 1, 36: 0, 169: -2, 170: -1, 178: -1, 54: 0, 55: -1, 372: 1, 59: -2, 188: 0, 189: -1, 463: 1, 464: 1, 84: 1, 217: 1, 218: 1, 479: 1, 108: -3, 115: 1, 116: 1, 122: 1, 126: 0, 127: -1}
37={260: -1, 5: -5, 6: -3, 7: -1, 8: 3, 9: 4, 10: -1, 23: 0, 13: 4, 60: -1, 196: -1, 20: -5, 21: -5, 22: -2, 25: 3, 24: 3, 409: 1, 26: 1, 431: 1, 156: -1, 157: 0, 30: 1, 31: -1, 288: -1, 33: -1, 28: -1, 37: 0, 38: 0, 41: 3, 42: 1, 171: -2, 429: 1, 430: 1, 284: -2, 48: 1, 49: -1, 178: 0, 307: -1, 158: 1, 310: 1, 56: 1, 111: -1, 59: 1, 316: -1, 61: 0, 62: -1, 63: 1, 192: -1, 65: 1, 150: -1, 68: -1, 69: 1, 70: -1, 76: 1, 205: -1, 206: -1, 465: 1, 210: -1, 84: -2, 85: 1, 214: 1, 121: 1, 89: -4, 90: -1, 92: -1, 198: -1, 97: 0, 98: 1, 321: -1, 361: 1, 362: 1, 108: -4, 174: 1, 368: -1, 370: -1, 285: -1, 190: 1, 118: 1, 119: -2, 120: -1, 148: 0, 170: -1, 126: -1}
38={6: -1, 7: -2, 8: -5, 9: -2, 10: 0, 13: 0, 18: 1, 19: 1, 20: -3, 21: -1, 24: 4, 25: 3, 538: -1, 31: 1, 32: 1, 33: 1, 34: -1, 37: 0, 40: 1, 41: 1, 42: 4, 555: -1, 556: -1, 558: -1, 47: 2, 48: 1, 49: 2, 50: 3, 51: 1, 52: 0, 55: 1, 56: 1, 59: -1, 60: -2, 61: -3, 62: -1, 63: 0, 64: 1, 70: -1, 80: -1, 81: -1, 82: -2, 83: 0, 84: 1, 85: 1, 86: 0, 89: -2, 92: -1, 96: 1, 97: 0, 108: -1, 109: -1, 110: -1, 111: -1, 112: 2, 113: 4, 115: 1, 116: 1, 119: -1, 146: -2, 148: -1, 154: -1, 155: -2, 156: -1, 157: -1, 171: -1, 174: -2, 178: -1, 190: 1, 191: -1, 198: -1, 199: -1, 200: -1, 207: -1, 208: -1, 209: -1, 214: -1, 219: 1, 220: -2, 227: 1, 248: 2, 554: -1, 43: -2, 266: -1, 26: 4, 559: -1, 288: -1, 290: -1, 312: -1, 316: 2, 317: 1, 321: -1, 352: -1, 368: 1, 409: 1, 447: -1, 471: -1}
39={51: 1, 258: -1, 259: -2, 155: -1, 9: -2, 13: 1, 146: -1, 19: 0, 148: -1, 25: 4, 26: 1, 27: 0, 31: 1, 161: -1, 290: -2, 35: 1, 40: 1, 556: -1, 47: 0, 50: 0, 179: 1, 52: 1, 53: -1, 186: 1, 62: -3, 76: 2, 81: -1, 82: -1, 83: 0, 86: -2, 215: -1, 97: -1, 98: -1, 113: -1, 114: -1, 117: 1, 119: -1}
40={51: -2, 130: -1, 155: -1, 136: -1, 9: -1, 138: -1, 290: -2, 524: -1, 13: -1, 557: -1, 19: -1, 277: 2, 25: 0, 26: -3, 27: -3, 31: 1, 32: -1, 161: -4, 34: 0, 35: 12, 38: -1, 113: -1, 40: 0, 291: -1, 300: 1, 173: -2, 46: -1, 47: 1, 50: -1, 179: -2, 52: 3, 53: 4, 182: -1, 137: 1, 186: 1, 62: 0, 373: 1, 65: 1, 66: -1, 67: -1, 201: 2, 77: 2, 78: 2, 79: 2, 80: 2, 81: 2, 82: 0, 83: 1, 139: -1, 86: -3, 215: -1, 97: -1, 98: -2, 101: 2, 102: 3, 103: 3, 323: -1, 39: -1, 112: -1, 369: 1, 114: -1, 117: -1, 119: -2, 120: -1, 121: -1}
41={5: -1, 6: -1, 7: -1, 8: -1, 142: 1, 154: -1, 156: 1, 29: -3, 30: 4, 287: -1, 32: 1, 37: -3, 38: -1, 28: 2, 184: -1, 31: -1, 188: 1, 68: 1, 72: -1, 206: -1, 207: -1, 212: -2, 216: 1, 100: -3, 108: 1, 246: 1, 120: -2, 382: -1}
42={129: -1, 100: -2, 37: -1, 38: -4, 7: -1, 88: -1, 212: -1, 184: -1, 68: 1, 29: -2, 30: 0}
43={32: 1, 108: 1, 38: 2}
44={84: 1}
45={32: -2, 33: -1, 34: -1, 35: -2, 47: -1, 82: -1, 243: -1, 52: -1, 53: -1, 62: -1}
46={32: 1, 130: -1, 35: -1, 40: 1, 146: 1, 47: -1, 34: 1, 82: -1, 51: 1, 245: -1, 26: 1, 53: -1, 126: -1, 127: -1}
47={256: -1, 130: -1, 146: 0, 21: -1, 22: 0, 23: 0, 24: 4, 25: 1, 26: 0, 32: -2, 33: -1, 34: 1, 35: -1, 38: -2, 39: 0, 40: -1, 45: 1, 174: -2, 51: 1, 52: 1, 53: 1, 56: 0, 186: -2, 191: -1, 71: -2, 91: 1, 220: 1, 349: 1, 98: 1, 362: -1, 46: 1, 113: -1, 245: -1, 118: 1, 119: -1, 120: -1, 253: -1, 127: -2}
48={227: 2, 100: 1, 37: -1, 38: -1, 7: -1, 8: -2, 188: 1, 108: 0, 14: 1, 157: 2, 48: 0, 156: 0, 212: -1, 30: 2, 9: 0, 154: 4, 59: 2, 60: 0, 61: -2, 62: 1, 21: -1}
49={6: -1, 7: -1, 8: -3, 9: -7, 10: -1, 524: 0, 13: -2, 88: -1, 19: 2, 148: -2, 22: 0, 24: -1, 25: 1, 154: -1, 155: 1, 156: 3, 29: -1, 30: -1, 32: 1, 37: 1, 38: -2, 157: 2, 49: 0, 178: 1, 56: 0, 59: 1, 60: -2, 61: 1, 62: 9, 63: -4, 193: 3, 525: 1, 82: -1, 212: -1, 85: 2, 344: -1, 227: 3, 100: 0, 108: -1, 113: 1, 403: -1, 118: 0, 404: -1}
50={179: -1, 9: -1, 13: -2, 19: -2, 22: -1, 24: -1, 25: 1, 26: 2, 32: -2, 33: -1, 34: 0, 35: 0, 38: -3, 39: 0, 40: 1, 173: 1, 174: -1, 51: -1, 52: 1, 53: 3, 62: -3, 63: -1, 64: -1, 82: 2, 83: -1, 86: -4, 87: -1, 98: 1, 108: -1, 117: 1}
51={9: -1, 215: -1, 13: -1, 152: -1, 19: 1, 174: -1, 22: -1, 24: -1, 25: -2, 26: -1, 30: -1, 32: -1, 34: -1, 35: 1, 38: -1, 39: -1, 40: 2, 173: 1, 46: -1, 47: -1, 50: 1, 179: -1, 56: -1, 62: -2, 65: -1, 70: -1, 82: 2, 83: 1, 86: -1, 87: -1, 117: 1, 118: -1}
52={13: -1, 19: -3, 148: -1, 23: -1, 24: -1, 32: 1, 33: -1, 34: 1, 35: 0, 38: 0, 39: -1, 40: -3, 45: 1, 47: -1, 177: 1, 50: -1, 53: 1, 185: -1, 62: -1, 82: -1, 215: -1, 98: -1, 244: -1, 245: -1, 118: -1}
53={257: -1, 258: -1, 136: 1, 10: -1, 139: 1, 13: -1, 45: 1, 19: -1, 46: 1, 24: -1, 25: -1, 26: -5, 155: 1, 418: -1, 35: -10, 39: 1, 40: -4, 173: -2, 174: -1, 47: -1, 27: 2, 50: -3, 179: -1, 52: -1, 181: -1, 182: -1, 138: 1, 62: 1, 53: 0, 194: -1, 67: -1, 373: 1, 83: -2, 474: 1, 98: -1, 101: 1, 195: -1, 105: 1, 111: -1, 112: -1, 114: -2, 117: -3}
54={36: 0, 5: -1, 6: 5, 7: 0, 8: 1, 169: 1, 170: 1, 178: 1, 146: 1, 188: 1, 84: -1, 21: 1, 22: 1, 150: 1, 89: -1, 28: 1, 61: 1, 30: -1, 85: -1}
55={36: 1, 5: -1, 6: 2, 7: 1, 8: 1, 9: 3, 170: 1, 171: 1, 108: -1, 178: 1, 156: 1, 146: 1, 172: 1, 84: -1, 62: 1, 150: 1, 38: -1, 188: 1, 157: 1, 30: 0, 85: -1}
56={128: -1, 129: -2, 130: -1, 9: 0, 13: 1, 146: -1, 24: 1, 25: 1, 26: 1, 155: 1, 157: 1, 30: -1, 31: -3, 32: 1, 34: 1, 35: 3, 37: -1, 38: -1, 581: -1, 47: 0, 49: 0, 51: 1, 159: -2, 61: 0, 62: 1, 69: -1, 82: -1, 212: -1, 85: -1, 86: 1, 88: -1, 29: -1, 113: 1, 247: -1, 508: -1}
57={4: 4, 5: 5, 6: 2, 11: 3, 140: -1, 14: 1, 144: -1, 145: 0, 20: 1, 153: -1, 28: 1, 304: -1, 72: -1, 12: 1, 74: -1, 210: 1, 108: 1, 119: -1, 120: -1, 122: -1, 124: 2, 125: -1, 126: 2}
58={162: -2, 3: -2, 4: 2, 5: -1, 169: -1, 11: 3, 12: 3, 2: -3, 163: -1, 58: 0}
59={5: -3, 6: -2, 7: -3, 8: -3, 9: 1, 10: -1, 11: -1, 21: 0, 22: -1, 154: 1, 28: 1, 157: 2, 150: -1, 36: 2, 37: -1, 38: 1, 561: 1, 156: 0, 172: -1, 48: -2, 49: -1, 178: 1, 30: 2, 59: 0, 188: 0, 61: 1, 352: 1, 100: 1, 108: -2, 189: -2}
60={5: 0, 6: -5, 7: -3, 8: -1, 9: 0, 148: 1, 21: 1, 23: -1, 154: -1, 157: -1, 30: 2, 37: 1, 38: 2, 48: 0, 49: 2, 180: -2, 60: 0, 61: 2, 62: 4, 63: 1, 198: -1, 193: 1, 70: -1, 84: -5, 85: -1, 352: 1, 353: 1, 100: -1, 108: -5, 190: -3, 118: -1, 20: 1}
61={129: -1, 130: -1, 5: -1, 6: -1, 7: -2, 8: -6, 9: -3, 10: -1, 111: -1, 140: 1, 13: -2, 142: 0, 143: -1, 148: 0, 21: -3, 22: 2, 24: -1, 25: -1, 154: 0, 283: 2, 157: -3, 30: 2, 32: 1, 37: 0, 38: 3, 534: -1, 48: 2, 49: -1, 178: -1, 54: -1, 439: -1, 56: 0, 313: -1, 59: -1, 60: -2, 61: 0, 62: 3, 63: -2, 192: -1, 198: -1, 322: -1, 438: -1, 70: 0, 353: 1, 84: -6, 85: -2, 86: -1, 481: -1, 227: 1, 100: 0, 533: -1, 108: -2, 238: 1, 239: 1, 242: 1, 115: -2, 190: -3, 118: 1, 20: 1, 251: 1, 149: -2}
62={4: -1, 8: -7, 9: -6, 10: 0, 11: -1, 13: -8, 19: 9, 20: 0, 21: -5, 22: -1, 23: 1, 24: 0, 25: 2, 26: 1, 30: 1, 31: 2, 32: 3, 34: 1, 37: 1, 38: 1, 39: 3, 40: 0, 45: 1, 48: -1, 49: -9, 50: 3, 51: 2, 52: 1, 53: -1, 55: -1, 56: -1, 60: -4, 61: -3, 62: 0, 63: -3, 64: -3, 65: -1, 66: -1, 67: -1, 71: 1, 82: 3, 83: -2, 84: -3, 85: -4, 86: -1, 100: 0, 108: -3, 111: -1, 115: -2, 116: -1, 117: -1, 118: 0, 120: 1, 129: -1, 130: -1, 535: -1, 140: -2, 142: 1, 143: 0, 148: -1, 155: 1, 156: 1, 157: -1, 161: -1, 173: -1, 179: 1, 190: -3, 193: -1, 194: -1, 200: 2, 214: 1, 227: -1, 236: -1, 240: 1, 241: 1, 242: 1, 252: 1, 254: 0, 258: -1, 259: -1, 270: -1, 557: -1, 283: 2, 370: -1, 405: -1, 425: 1}
63={6: 0, 8: -1, 9: -2, 10: -1, 525: 1, 19: 1, 20: -1, 22: 0, 156: 2, 29: -1, 30: 0, 31: -2, 37: -1, 38: 0, 49: 4, 50: 1, 60: -1, 61: 2, 62: 3, 63: 0, 83: 1, 84: 1, 85: 1, 217: -1, 148: -1, 100: 1, 188: 1, 108: -1, 115: 1, 116: 1, 212: -1}
64={193: 2, 227: 1, 38: -1, 9: 1, 82: -1, 13: 0, 50: 1, 19: 1, 121: -1, 156: 1, 62: 3, 31: -1}
65={98: -1, 179: 1, 40: -1, 13: -1, 51: 1, 62: 1, 30: -1, 37: -1}
66={40: 1, 62: 1}
67={40: 1, 53: 1, 62: 1}
68={5: -2, 6: -1, 454: 1, 72: 2, 41: -1, 42: -1, 14: -1, 20: 2, 21: 1, 84: 1, 37: 1, 85: 1}
69={37: -1, 72: 2, 73: 2, 74: 2, 75: 2, 84: 1, 21: 2, 9: 1, 56: 1, 30: -1, 85: 1}
70={129: -1, 5: -1, 8: 1, 9: 1, 10: 1, 20: 1, 22: -1, 151: -1, 24: -1, 537: 1, 154: 1, 156: -1, 30: -1, 31: -1, 32: 1, 37: 1, 38: 1, 51: 1, 60: 1, 61: 0, 75: 2, 85: 1, 96: 1, 188: -1, 118: -1}
71={112: 1, 96: 1, 75: 2, 62: -1, 47: 2}
72={123: 2, 68: -2, 69: -2, 6: -1, 41: 1, 11: 3, 12: 1, 124: 1, 211: -1, 20: 1, 57: 1, 169: -1, 88: 1, 4: 3, 127: 1, 28: -2, 30: -1, 5: 0}
73={4: 2, 5: 0, 6: 2, 11: 1, 140: 1, 142: 1, 20: 1, 21: 1, 156: 1, 29: -3, 169: 0, 188: 1, 69: -2, 28: 0, 211: -1, 212: -1, 88: 1, 108: 2, 84: 1, 122: 1, 123: 1, 124: 2, 127: 1}
74={4: 2, 69: -2, 183: -1, 14: 0, 120: -1, 84: 1, 21: 1, 22: 1, 57: 1, 88: 1, 20: 2, 5: 1, 127: 1}
75={20: 1, 69: -2, 70: -2, 71: -2}
76={120: -1, 20: 1, 37: -1, 39: -2}
77={40: -2}
78={40: -2}
79={33: 1, 34: 1, 35: 1, 40: -2, 80: 1, 21: -1, 22: -1, 119: -1, 185: -1, 187: 1}
80={38: 1, 40: -2, 79: -1, 80: 0, 81: 1, 306: 1, 84: -1, 22: -1, 120: -1, 185: -1}
81={32: 1, 35: 1, 38: 1, 39: 1, 40: -2, 80: -1, 81: 0, 84: -1, 85: -1, 186: 2}
82={259: -1, 179: -1, 9: 0, 10: -1, 139: 1, 13: -1, 45: 1, 146: -1, 19: -5, 21: -2, 22: 0, 23: 0, 24: -2, 25: -1, 26: 0, 155: 0, 32: -1, 161: -1, 34: 1, 35: 3, 38: 2, 39: 1, 40: 0, 173: -1, 46: 1, 27: 1, 49: 1, 50: -2, 51: -2, 52: 1, 56: 1, 441: 1, 62: -3, 64: 1, 194: 0, 33: -1, 141: 1, 440: 1, 82: 0, 83: 1, 86: -1, 87: 1, 357: 1, 358: 1, 359: 1, 360: 1, 234: 1, 235: 1, 530: 1, 239: 1, 240: 1, 241: 1, 370: -1, 531: 1, 117: 1}
83={51: -1, 258: -1, 259: -1, 136: 1, 10: -1, 268: -1, 19: 0, 148: -1, 24: -1, 25: -1, 26: -1, 27: 1, 32: 0, 33: -2, 34: 1, 35: 3, 38: 0, 39: 0, 40: -1, 173: -1, 50: 1, 179: -1, 53: 2, 62: 2, 63: -1, 194: -1, 82: -1, 83: 0, 86: -1, 241: 1, 370: -1, 117: 1}
84={128: 0, 149: 1, 4: -1, 5: 0, 6: -2, 7: -1, 8: 3, 9: 0, 10: 1, 140: -5, 13: 1, 14: -1, 301: -1, 145: -2, 146: 2, 147: 1, 20: -2, 21: -3, 22: 1, 69: -1, 260: -1, 154: 1, 28: -2, 150: 1, 287: -1, 278: -1, 85: 6, 36: -1, 37: 2, 38: -1, 156: -1, 44: -1, 306: 1, 174: -3, 305: 1, 178: 1, 180: -1, 30: 0, 54: 1, 55: 1, 312: -1, 313: 1, 314: 1, 315: 1, 60: 5, 61: 6, 62: 3, 63: -1, 192: -1, 193: -2, 88: 1, 68: -1, 325: -1, 73: -1, 74: -1, 80: 1, 81: 1, 210: -1, 84: 0, 142: 0, 216: -1, 89: -1, 90: 1, 118: 1, 355: 1, 361: 1, 108: -9, 189: -1, 498: -1, 115: 1, 116: 1, 246: 1, 119: -4, 120: -4, 123: -1, 124: -2, 126: -2, 127: 0}
85={256: 2, 128: -1, 5: 0, 7: -1, 8: 0, 9: 1, 151: -1, 140: -2, 13: 2, 142: -1, 146: 1, 20: -1, 21: -1, 278: -1, 56: 1, 24: 1, 22: -1, 28: -1, 29: -1, 30: 0, 31: 0, 37: -1, 38: -1, 129: -1, 156: 1, 70: -1, 174: 1, 157: -2, 49: -2, 54: 1, 55: 1, 312: 1, 60: 1, 61: 2, 62: 4, 63: -1, 193: -1, 68: -1, 69: -1, 326: -1, 327: -1, 81: 1, 84: -6, 85: 0, 90: 1, 91: -1, 188: 1, 108: -1, 189: -1, 498: -1, 115: 3, 116: 2, 118: 1, 119: -1, 120: -3, 191: 1, 126: -1, 127: -1}
86={9: -2, 140: -1, 13: -3, 14: -1, 143: -2, 528: -1, 529: -1, 146: 0, 19: 1, 23: -1, 24: -1, 25: 2, 282: -1, 283: -1, 26: 4, 32: 6, 33: 1, 35: 1, 38: 0, 39: 2, 40: 3, 50: 4, 51: 1, 56: -1, 61: 1, 62: 1, 193: -1, 194: -1, 82: 1, 83: 1, 142: -1, 87: 1, 91: 1, 97: -1, 98: 1, 108: -1, 238: -1, 117: 1, 119: 0, 120: -1}
87={51: 1, 195: 1, 193: -1, 9: -1, 146: -1, 174: -1, 13: -3, 50: 1, 82: -1, 19: 0, 86: -1, 23: 1, 120: -1, 25: -3, 26: -1, 27: -1, 191: 0}
88={128: -1, 129: -1, 6: 0, 7: 2, 8: 1, 9: 3, 15: -1, 146: 1, 22: -2, 23: 1, 42: 1, 49: 1, 56: 1, 314: -1, 72: -1, 73: -1, 74: -1, 204: -1, 205: -1, 210: -1, 84: -1, 348: -1, 97: 1, 109: -1, 119: -1, 124: -1, 126: -2, 127: -1}
89={36: 2, 37: 4, 6: 0, 7: 2, 38: 2, 15: -1, 30: 1, 11: 1, 108: 1, 14: 1, 479: 1, 146: 1, 20: -1, 174: 1, 54: 1, 127: -1, 84: 1, 31: 1, 28: 0, 286: 1, 5: -2}
90={37: 1, 220: 1, 10: 1, 336: 1, 84: -1, 21: 1, 539: 1, 252: -1, 540: 1, 85: -1}
91={257: -1, 9: -1, 140: -1, 13: -1, 143: -1, 22: 0, 31: 1, 32: 1, 33: 1, 34: 2, 35: -1, 47: -1, 85: 1, 86: -1, 92: 1, 349: 1, 98: 0, 93: 1, 112: -1, 118: 1, 119: -1, 120: -1}
92={37: 1, 38: 1, 145: -1, 91: -1, 126: -1, 31: -1}
93={91: -1}
96={100: -1, 38: -1, 70: -1, 71: -1, 220: 1, 336: 1, 252: -1, 30: -2}
97={32: 1, 129: -1, 37: 0, 38: 0, 39: 1, 40: 1, 363: 1, 212: -1, 86: 1, 88: -1, 29: -1, 30: -2, 31: -1}
98={130: -1, 137: 1, 277: 1, 151: -1, 24: 2, 25: -1, 26: 0, 30: -1, 31: -2, 32: 0, 33: -1, 34: 0, 35: 1, 37: -1, 39: 1, 40: 2, 300: 1, 47: -1, 50: -1, 52: 1, 309: -1, 317: -1, 53: 1, 65: 1, 86: -1, 91: 0, 362: -1, 114: -1, 243: -1, 117: 2, 121: -1, 253: 1, 127: -1}
99={104: 2}
100={7: -2, 8: 0, 9: -1, 20: 1, 150: -1, 41: 3, 42: 2, 171: -1, 172: -1, 48: -1, 49: 0, 178: 1, 59: -1, 60: 1, 61: 0, 62: 0, 63: -1, 96: 1, 355: 1, 104: 2, 116: -1, 190: -1, 170: -1}
101={35: -4, 101: 0, 102: -1, 103: -1, 40: -2, 137: -1, 138: -1, 107: 1, 245: -2, 139: -1, 373: 1, 26: -1, 27: -2, 53: -1, 117: 1}
102={416: 1, 35: -6, 101: 1, 102: 0, 103: -2, 40: -3, 137: 0, 107: 2, 300: 1, 117: 1, 26: 0, 27: -1, 277: 1}
103={35: -2, 101: 1, 102: 2, 103: 0, 40: -3, 137: -1, 107: 2, 300: 0, 277: -1, 27: -1}
104={99: -2, 100: -2, 28: 1, 142: 1, 145: -1, 212: -1, 124: 1, 29: -1}
105={130: -1, 35: -2, 300: 1, 53: -1}
106={35: -2}
107={35: -3, 101: -1, 102: -2, 103: -2}
108={384: 1, 128: 2, 4: -1, 5: -1, 6: 2, 7: 0, 8: 2, 9: 1, 11: -2, 140: -6, 13: 2, 14: -2, 301: 1, 144: 1, 145: 0, 146: -1, 19: 1, 20: 2, 21: 5, 22: 0, 150: 2, 24: 1, 25: 1, 154: 2, 28: 1, 286: -1, 149: 1, 288: -1, 48: 0, 36: 3, 37: 4, 38: 1, 168: -1, 169: -1, 43: -1, 178: 1, 142: 1, 304: -6, 49: 1, 50: 1, 307: 1, 180: 0, 30: 6, 55: 1, 57: -1, 314: 1, 59: 2, 60: 5, 61: 2, 62: 3, 63: 1, 279: 1, 73: -2, 187: 1, 119: 3, 210: 1, 211: -1, 84: 9, 85: 1, 86: 1, 313: -1, 89: -1, 351: 1, 352: 1, 355: 1, 188: -1, 108: 0, 116: 1, 190: 1, 41: -1, 120: 1, 340: -1, 122: 1, 123: 2, 124: -9, 125: -2, 126: -2, 127: 0}
109={88: 1, 30: -1, 14: -1, 6: -1, 38: 1}
110={38: 1}
111={37: 1, 38: 1, 9: -1, 62: 1, 13: -1, 19: 1, 53: 1, 252: -1, 61: 1, 30: -1, 31: 1}
112={32: 1, 38: -2, 71: -1, 40: 1, 28: -1, 238: -1, 239: -1, 53: 1, 151: 1, 91: 1, 252: -1, 31: 1}
113={32: 1, 385: -1, 386: -1, 35: 1, 118: -1, 38: -4, 39: 1, 40: 1, 427: -1, 47: 1, 49: -1, 146: 1, 116: -1, 21: -1, 22: -1, 119: 1, 56: -1, 28: -1}
114={98: 1, 35: -3, 39: 1, 40: 1, 201: 1, 34: -1, 31: 1, 418: -1, 369: 1, 53: 2, 121: 1, 27: 1, 253: -1, 117: -1}
115={36: -1, 38: -1, 7: -1, 8: 0, 9: -3, 146: 1, 148: 1, 62: 2, 23: 1, 24: 1, 84: -1, 63: -1, 61: 2, 30: 1, 85: -3}
116={84: -1, 100: 1, 38: -1, 9: -3, 108: -1, 13: -1, 113: 1, 148: 0, 85: -2, 150: 1, 312: -1, 36: -1, 62: 1, 63: -1}
117={258: -1, 259: -1, 179: -2, 136: 1, 10: -1, 19: 0, 532: 1, 24: -1, 25: -1, 26: -3, 32: -1, 35: 0, 39: -1, 40: 1, 173: -2, 50: -1, 51: -1, 53: 3, 318: 1, 373: 1, 194: -1, 195: -1, 453: 1, 62: 1, 82: -1, 83: -1, 86: -1, 98: -2, 101: -1, 102: -1, 370: -1, 369: 1, 114: 1, 117: 0}
118={128: -2, 129: -1, 9: 1, 142: -1, 146: -1, 19: 1, 21: -1, 22: 0, 23: -1, 24: -1, 30: -1, 31: 1, 35: 1, 37: -1, 296: -1, 159: -2, 47: -1, 49: 0, 51: 1, 52: 1, 186: 1, 187: -1, 60: 1, 61: -1, 62: 0, 70: 1, 202: 1, 203: 1, 84: -1, 85: -1, 217: 1, 91: -1, 113: 1, 121: 1}
119={5: -4, 6: -1, 519: -1, 9: 1, 10: -1, 151: 1, 140: -1, 13: 2, 142: -2, 143: 0, 146: 4, 19: 1, 148: -1, 21: -6, 22: 3, 23: 2, 24: 4, 25: 2, 156: 1, 30: -1, 31: 1, 32: 1, 34: 1, 35: 2, 37: 2, 38: 1, 39: 1, 40: 2, 28: -1, 47: 1, 306: 1, 307: 1, 565: -1, 310: 1, 311: 1, 57: 1, 85: 1, 187: 0, 192: 1, 193: 1, 194: 1, 383: 1, 15: -1, 203: 1, 205: -1, 79: 1, 84: 4, 14: -2, 86: 0, 88: 1, 346: -1, 91: 1, 488: 1, 108: -3, 366: 1, 367: 1, 113: -1, 147: -1, 500: 1, 247: -1, 120: -1, 340: -1, 119: 0, 126: -1, 149: -1}
120={5: -4, 6: 0, 140: 1, 13: 1, 142: 0, 143: 1, 146: 1, 19: 1, 20: -1, 21: -3, 23: 2, 24: 1, 25: 1, 26: 1, 156: 1, 28: -1, 30: 1, 31: -1, 32: 0, 33: -1, 35: 1, 37: 1, 40: 1, 41: 2, 174: -2, 47: 1, 310: 1, 57: 1, 186: 1, 62: -1, 191: 2, 74: 1, 76: 1, 80: 1, 210: -1, 84: 4, 85: 3, 86: 1, 87: 1, 216: -1, 91: 1, 490: 1, 108: -1, 501: 1, 246: -1, 119: 1, 148: -1, 127: -1}
121={260: 1, 18: -1, 21: -1, 22: -1, 151: 0, 24: 2, 25: -1, 155: -1, 31: -1, 32: -1, 33: -1, 37: -1, 40: 1, 309: -1, 185: -1, 316: 1, 317: -1, 64: 1, 98: 1, 146: -1, 114: -1, 118: -1}
122={129: 1, 130: 1, 4: 4, 5: 2, 6: 2, 7: 1, 11: 0, 140: 1, 144: 1, 145: 1, 28: 0, 30: -1, 36: -1, 169: 1, 304: 1, 183: 1, 184: 2, 57: 1, 73: -1, 210: 1, 211: 1, 212: -1, 108: -1, 122: 0, 123: 2, 124: 1, 125: 1}
123={4: -9, 5: -1, 6: -2, 11: -6, 12: -5, 14: 0, 144: -1, 145: 1, 20: -1, 28: 1, 170: -1, 301: -1, 304: 1, 188: 1, 72: -2, 73: -1, 463: -1, 84: 1, 108: -2, 122: -2, 123: 0, 124: 5, 125: -6, 126: 1}
124={4: -10, 5: -5, 6: -4, 11: -4, 12: -1, 142: 1, 144: 0, 145: -4, 20: -1, 21: -4, 153: -1, 28: 1, 169: -1, 170: -1, 301: 0, 304: 4, 307: 1, 73: -2, 57: -2, 454: -1, 72: -1, 140: 3, 462: 1, 463: -1, 210: 1, 84: 2, 88: 1, 104: -1, 108: 9, 381: -1, 122: -1, 123: -5, 124: 0, 125: -2, 126: 1, 127: 1}
125={4: 2, 5: 2, 145: -1, 169: 1, 170: -1, 11: -14, 12: -5, 14: 1, 144: -1, 108: 2, 211: 1, 276: -1, 212: 1, 57: 1, 122: -1, 123: 6, 124: 2, 125: 0}
126={256: 1, 384: 2, 4: -4, 5: -2, 6: 3, 11: -2, 140: 0, 14: 0, 15: 0, 88: 2, 146: 2, 21: 0, 22: 1, 279: 1, 153: 1, 156: 5, 29: 1, 30: 1, 36: 0, 37: 1, 28: 0, 170: 1, 46: 1, 307: 0, 23: 1, 57: -2, 85: 1, 188: 3, 192: -1, 193: -1, 150: 1, 582: 1, 583: 1, 119: 1, 210: 1, 211: -1, 84: 2, 142: -1, 216: -1, 92: 1, 227: -1, 145: 0, 108: 2, 242: 1, 372: 0, 375: 1, 123: -1, 124: -1, 381: -1, 126: 0, 127: 0}
127={384: 1, 22: 2, 6: 1, 519: 1, 11: -1, 13: 1, 142: 1, 143: 1, 21: -2, 150: 1, 24: 1, 25: 1, 156: 2, 5: -2, 36: 1, 301: 1, 46: 1, 47: 2, 183: -2, 188: 1, 193: 1, 580: 1, 72: -1, 73: -1, 74: -1, 204: -1, 205: -1, 211: -1, 84: 0, 85: 1, 88: 1, 89: 1, 98: 1, 233: 1, 108: 0, 242: 1, 372: 2, 120: 1, 124: -1, 126: 0}
128={5: 1, 6: 1, 9: 1, 13: 1, 142: 1, 22: 0, 24: 2, 25: 1, 157: 1, 36: 1, 301: 1, 174: 1, 308: 1, 183: -1, 56: 1, 193: 1, 184: -1, 84: 0, 85: 1, 88: 1, 227: 1, 233: 1, 108: -2, 243: 1, 118: 2}
129={256: 1, 260: 1, 9: 1, 22: -1, 24: 2, 155: 1, 157: 1, 30: 1, 31: 1, 42: 1, 174: 1, 305: 1, 306: 1, 56: 2, 185: 1, 187: 1, 61: 1, 62: 1, 70: 1, 213: 1, 214: 1, 88: 1, 97: 1, 358: -1, 118: 1, 122: -1, 85: 1}
130={256: 1, 98: 1, 35: 2, 40: 1, 105: 1, 10: 1, 61: 1, 46: 1, 47: 1, 24: 3, 19: 2, 148: 1, 122: -1, 56: 1, 25: 3, 26: 2, 27: 1, 248: 1, 62: 1}
131={25: 1, 26: 1}
132={26: 1}
133={137: 1, 26: 1, 138: 1}
134={138: 1}
135={138: 1}
136={416: -1, 417: -1, 418: -1, 277: 1, 373: 1, 40: 1, 137: 1, 138: 1, 139: 1, 300: 1, 83: -1, 117: -1, 585: -1, 26: 1, 586: -1, 53: -1}
137={98: -1, 35: -1, 228: 1, 133: -1, 102: 0, 103: 1, 40: -1, 302: -1, 303: -1, 27: -1, 136: -1, 26: 1, 271: 1, 101: 1}
138={35: 1, 133: -1, 134: -1, 135: -1, 136: -1, 585: -1, 40: 1, 53: -1, 182: -1, 25: 1, 26: -1, 101: 1, 373: 1}
139={101: 1, 136: -1, 585: -1, 40: 1, 82: -1, 53: -1, 26: 0, 373: 1}
140={260: 1, 5: 1, 9: 2, 11: -1, 140: 0, 142: 0, 145: 0, 146: -1, 22: 1, 151: 1, 30: 1, 161: 1, 174: 1, 304: -3, 23: -1, 57: 1, 61: -1, 62: 2, 73: -1, 210: 1, 211: -1, 84: 5, 85: 2, 86: 1, 216: 0, 91: 1, 352: 1, 108: 6, 190: -1, 119: 1, 120: -1, 122: -1, 124: -3, 126: 0, 383: 1}
141={82: -1}
142={384: -1, 128: -1, 150: 1, 9: 3, 140: 0, 13: 3, 21: -1, 22: 1, 23: -1, 24: -1, 25: -1, 29: -1, 30: 1, 31: 1, 41: -1, 174: -2, 180: -1, 61: 0, 62: -1, 73: -1, 210: -1, 84: 0, 85: 1, 86: 1, 104: -1, 108: -1, 372: -1, 118: 1, 119: 2, 120: 0, 124: -1, 126: 1, 127: -1}
143={32: 1, 193: -1, 150: 1, 31: 0, 13: 2, 120: -1, 21: -2, 86: 2, 119: 0, 24: 1, 25: -1, 91: 1, 5: -1, 61: 1, 62: 0, 127: -1}
144={4: 2, 5: 3, 6: 1, 11: -3, 12: 2, 14: 1, 144: 0, 145: -1, 278: 1, 279: 1, 153: 2, 28: 1, 169: 3, 170: 1, 57: 1, 188: 1, 479: 1, 108: -1, 122: -1, 123: 1, 124: 0, 125: 1}
145={384: 1, 4: -3, 5: 3, 6: -1, 11: -3, 140: 0, 14: 0, 15: -1, 144: 1, 145: 0, 21: -1, 22: 2, 153: 3, 156: 1, 29: 1, 150: -2, 424: -1, 169: 1, 170: 1, 428: 1, 301: 1, 304: 1, 57: 0, 188: 1, 28: 1, 84: 2, 92: 1, 104: 1, 108: 0, 242: 1, 212: 1, 122: -1, 123: -1, 124: 4, 125: 1, 126: 0, 255: 1}
146={86: 0, 519: -1, 9: -1, 140: 1, 14: -1, 88: -1, 146: 0, 21: -3, 23: 1, 24: 2, 25: 4, 26: 3, 155: -1, 29: -1, 30: 0, 34: 1, 35: 1, 559: 1, 38: 2, 39: 1, 174: 0, 47: 0, 594: 1, 54: -1, 55: -1, 56: 1, 185: -1, 192: -1, 321: -1, 194: 1, 210: -1, 84: -2, 341: -1, 342: -1, 87: 1, 216: -1, 89: -1, 361: -1, 488: 1, 233: -1, 46: -1, 108: 1, 82: 1, 113: -1, 115: -1, 118: 1, 119: -4, 120: -1, 121: 1, 126: -2, 85: -1}
147={84: -1, 147: 0, 36: -1, 30: 1, 119: 1}
148={130: -1, 7: -1, 8: -1, 9: -1, 11: -1, 19: 1, 148: 0, 149: 0, 155: -1, 30: 0, 31: 1, 32: 1, 37: 0, 38: 1, 39: 1, 49: 2, 52: 1, 60: -1, 61: 0, 62: 1, 63: 1, 321: -1, 83: 1, 115: -1, 116: 0, 190: -1, 119: 1, 120: 1}
149={6: -2, 7: -1, 8: 0, 9: 1, 10: 0, 108: -1, 61: 2, 148: 0, 21: 1, 119: 1, 84: -1, 362: 1, 30: 1}
150={5: -5, 6: -8, 7: -2, 8: -1, 10: -1, 142: -1, 15: 1, 145: 2, 20: -1, 21: 0, 28: -1, 30: 1, 36: 0, 37: 1, 284: 1, 172: 1, 561: 1, 54: -1, 55: -1, 59: 1, 188: -1, 189: -1, 196: 1, 84: -1, 143: -1, 100: 1, 108: -2, 116: -1, 126: -1, 127: -1}
151={32: 1, 98: 1, 292: -1, 70: 1, 9: -1, 119: -1, 140: -1, 112: -1, 21: -1, 22: -1, 185: -1, 152: 1, 121: 0, 85: 1, 31: 1}
152={24: -1, 32: 1, 51: 1, 151: -1}
153={4: -3, 5: 0, 6: -1, 124: 1, 14: 1, 144: -2, 145: -3, 21: 1, 57: 1, 28: 0, 126: -1}
154={59: -1, 5: -1, 6: -1, 7: -1, 8: 0, 41: 1, 11: -1, 108: -2, 70: -1, 48: -4, 49: 1, 156: -1, 172: -1, 84: -1, 21: 1, 22: -1, 9: 0, 38: 1, 60: 1, 61: 0, 30: 0}
155={129: -1, 584: 1, 9: 1, 535: -1, 524: -1, 536: -1, 146: 1, 19: -1, 148: 1, 22: 1, 23: 1, 24: -1, 25: -1, 26: 0, 155: 0, 31: 0, 32: 3, 34: 1, 35: 1, 38: 2, 39: 1, 40: 1, 49: -1, 530: 1, 53: -1, 56: -1, 62: -1, 191: -1, 200: 1, 82: 0, 214: 1, 354: 1, 422: 1, 234: 1, 235: 1, 236: -1, 237: -1, 370: -2, 245: -1, 121: 1}
156={6: -3, 7: -1, 8: -1, 9: -2, 145: -1, 20: -2, 21: -6, 22: -2, 154: 1, 157: 1, 30: 2, 31: 1, 37: 1, 38: 1, 41: -1, 70: 1, 48: 0, 49: -3, 180: -1, 55: -1, 59: 0, 444: -1, 62: -1, 63: -2, 64: -1, 198: 1, 73: -1, 84: 1, 85: -1, 227: -1, 357: -1, 358: -1, 188: 1, 370: -1, 190: 0, 119: -1, 120: -1, 126: -5, 127: -2}
157={128: -1, 129: -1, 6: -3, 7: -2, 8: -2, 9: 3, 10: -1, 18: 1, 19: 1, 20: -1, 21: -3, 22: 1, 156: -1, 29: -1, 30: 1, 31: 1, 32: 1, 37: 0, 38: 1, 49: -2, 48: -2, 433: 1, 434: 1, 55: -1, 56: -1, 59: -2, 188: 1, 61: 3, 62: 1, 193: -1, 85: 2, 352: 1, 353: 1, 227: -1, 60: 1, 370: -1, 190: 0}
158={37: -1, 22: 2}
159={22: 2, 7: -1, 8: -1, 24: 2, 118: 2, 56: 2}
160={24: 2}
161={39: 1, 40: 4, 9: -1, 140: -1, 13: -1, 529: -1, 82: 1, 471: -1, 24: 1, 25: 2, 26: 1, 27: -1, 62: 1}
162={58: 2, 3: 2, 4: 1, 2: 1}
163={4: 1, 169: 1, 170: 1, 11: 0, 12: -1, 58: 1}
164={5: 1}
165={5: 1, 374: 1}
166={5: 1}
167={5: 1}
168={108: 1}
169={4: -7, 5: -10, 6: 1, 7: 1, 8: 1, 11: -4, 12: -7, 14: 1, 144: -3, 145: -1, 20: 0, 28: 2, 286: -1, 287: -1, 163: -1, 36: 2, 169: 0, 170: -1, 54: -1, 58: 1, 72: 1, 73: 0, 108: 1, 122: -1, 124: 1, 125: -1}
170={163: -1, 100: 1, 5: -6, 6: -2, 28: 1, 169: 1, 36: 1, 14: -1, 144: -1, 145: -1, 37: 1, 30: 3, 54: -1, 55: -1, 377: -1, 123: 1, 124: 1, 125: 1, 126: -1, 287: -1}
171={100: 1, 37: 2, 38: 1, 55: -1, 6: -1, 5: -1}
172={100: 1, 5: -1, 150: -1, 55: -1, 154: 1, 59: 1}
173={19: -3, 51: -1, 35: -2, 40: 2, 50: -1, 13: -1, 82: 1, 83: 1, 53: 2, 24: -1, 25: -1, 26: 0, 62: 1, 117: 2}
174={128: -1, 129: -1, 51: 1, 140: -1, 142: 2, 146: 0, 21: -1, 26: 3, 414: -1, 31: -2, 32: 2, 33: -1, 34: -1, 35: 3, 292: -1, 37: -1, 38: 2, 174: 0, 47: 2, 50: 1, 179: 1, 53: 1, 504: 1, 291: -1, 84: 3, 85: -1, 342: -1, 87: 1, 216: 0, 89: -1, 362: -1, 372: -1, 502: 1, 503: 1, 120: 2}
175={31: -1}
176={33: -1, 34: -1, 31: -1}
177={19: -1, 24: -1, 34: -1, 35: -1, 52: -1}
178={481: -1, 59: -1, 100: -1, 37: 0, 6: 0, 188: -1, 10: -1, 108: -1, 36: 1, 49: -1, 84: -1, 21: 0, 54: -1, 55: -1, 180: -1, 9: 1, 38: 1, 28: -1, 61: 1, 30: 2, 5: 0}
179={32: -1, 65: -1, 83: 1, 35: 0, 39: -1, 40: 2, 9: -1, 82: 1, 174: -1, 50: 1, 51: 1, 181: -1, 26: -1, 117: 2, 62: -1, 53: 1}
180={352: 1, 5: 1, 6: 1, 8: 1, 188: 1, 108: 0, 142: 1, 60: 2, 178: 1, 84: 1, 156: 1}
181={179: 1, 53: 1, 13: -1}
182={40: 1, 138: 1, 53: 1}
183={128: 1, 6: 1, 74: 1, 11: -1, 22: 1, 122: -1, 187: 1, 127: 2}
184={128: 1, 41: 1, 42: 1, 11: -1, 20: -1, 122: -2, 187: 1}
185={129: -1, 187: 1, 79: 1, 80: 1, 146: 1, 243: 1, 52: 1, 21: -1, 151: 1, 121: 1, 251: 1, 185: 0, 31: 1}
186={32: -1, 291: -1, 81: -2, 39: -1, 40: -1, 47: 2, 24: -1, 35: 3, 118: -1, 23: -1, 120: -1, 186: 0}
187={32: 1, 129: -1, 22: -1, 183: -1, 108: -1, 79: -1, 243: 1, 21: -3, 118: 1, 119: 0, 184: -1, 185: -1, 309: 1, 251: 1, 31: 1}
188={6: -3, 7: -2, 11: -1, 144: -1, 145: -1, 20: -2, 21: 0, 150: 1, 28: -1, 157: -1, 30: 4, 36: 0, 156: -1, 48: -1, 178: 1, 180: -1, 54: -1, 55: -1, 59: 0, 188: 0, 189: -1, 63: -1, 197: 1, 70: 1, 73: -1, 85: -1, 481: -1, 227: -1, 316: -1, 108: 1, 41: -1, 123: -1, 126: -3, 127: -1}
189={36: 1, 5: 1, 14: 1, 84: 1, 21: -1, 150: 1, 59: 2, 188: 1, 30: 1, 85: 1}
190={100: 1, 37: -1, 38: -1, 8: -2, 140: 1, 10: 1, 108: -1, 14: 1, 157: 0, 156: 0, 148: 1, 30: 1, 9: -1, 60: 3, 61: 3, 62: 3}
191={32: 1, 194: 1, 35: 2, 38: 1, 233: -1, 362: -1, 87: 0, 13: -1, 34: -1, 47: 1, 323: -1, 85: -1, 342: -1, 343: -1, 120: -2, 26: 1, 155: 1}
192={193: -1, 37: 1, 8: -1, 146: 1, 84: 1, 21: 1, 119: -1, 61: 1, 126: 1}
193={128: -1, 192: 1, 9: -1, 143: 1, 19: -1, 21: 2, 22: 1, 24: 1, 25: 1, 26: 2, 157: 1, 49: -3, 60: -1, 62: 1, 64: -2, 193: 0, 194: 1, 84: 2, 85: 1, 86: 1, 87: 1, 227: 0, 444: -1, 363: 1, 119: -1, 126: 1, 127: -1}
194={193: -1, 370: -1, 227: -1, 86: 1, 422: 1, 201: 1, 119: -1, 82: 0, 567: 1, 13: 1, 146: -1, 83: 1, 117: 1, 214: 1, 23: -1, 31: 1, 53: 1, 62: 1, 191: -1}
195={32: 1, 117: 1, 87: -1, 504: 1, 26: 2, 53: 1}
196={150: -1, 6: -1, 37: 1}
197={20: -1, 188: -1}
198={37: 1, 38: 1, 156: -1, 20: -1, 21: -1, 60: 1, 61: 1}
199={21: -1, 38: 1}
200={38: 1, 21: -1, 22: -1, 23: -1, 24: -1, 155: -1, 62: -2}
201={418: -1, 35: -3, 40: -2, 194: -1, 114: -1, 474: 1, 475: 1}
202={118: -1, 22: -1}
203={25: 1, 26: 1, 118: -1, 119: -1}
204={88: 1, 127: 1, 5: 1, 21: 1}
205={37: 1, 307: 1, 20: 1, 21: 1, 119: 1, 88: 1, 127: 1}
206={41: 1, 37: 1}
207={41: 1, 38: 1}
208={38: 1}
209={38: 1}
210={5: 2, 6: 4, 108: -1, 140: -1, 142: 1, 88: 1, 146: 1, 84: 1, 21: 1, 22: 0, 120: 1, 57: -1, 122: -1, 31: 1, 124: -1, 126: -1, 37: 1}
211={4: 1, 5: 2, 6: 1, 72: 1, 73: 1, 11: -1, 140: 1, 108: 1, 20: 1, 122: -1, 125: -1, 126: 1, 127: 1}
212={97: 1, 49: 1, 6: 1, 7: 1, 104: 1, 73: 1, 42: 1, 11: 1, 145: -1, 48: 1, 8: 1, 20: 0, 41: 2, 56: 1, 122: 1, 220: 1, 125: -1, 63: 1}
213={129: -1}
214={129: -1, 194: -1, 37: -1, 358: -2, 38: 1, 370: -1, 244: -1, 22: -1, 155: -1, 62: -1}
215={32: 1, 35: 1, 39: 1, 40: 1, 51: 1, 52: 1, 25: -1}
216={41: -1, 140: 0, 174: 0, 146: 1, 84: 1, 14: -1, 120: 1, 126: 1, 21: 0}
217={36: -1, 470: -1, 9: 2, 14: -1, 18: -1, 118: -1, 348: -1, 63: 1}
218={36: -1}
219={38: -1, 30: -1}
220={96: -1, 32: 1, 35: 1, 357: 1, 358: 1, 243: -1, 47: -1, 371: -1, 244: -1, 212: -1, 90: -1, 38: 2}
221={370: -1, 358: -1}
227={128: -1, 385: 1, 386: 1, 9: 1, 13: -1, 19: -1, 20: -1, 21: 0, 22: 2, 23: 1, 24: 1, 26: 1, 156: 1, 157: 1, 32: 1, 38: -1, 48: -2, 49: -3, 188: 1, 61: -1, 62: 1, 64: -1, 193: 0, 194: 1, 227: 0, 126: 1}
228={360: 1, 137: -1, 536: -1, 441: 1, 24: -1, 25: -1, 26: -1, 443: 1, 442: 1}
233={128: -1, 33: 1, 35: 1, 146: 1, 19: 1, 25: 1, 191: 1, 127: -1}
234={82: -1, 155: -1}
235={82: -1, 155: -1}
236={155: 1, 237: -1, 62: 1}
237={32: 1, 434: 1, 155: 1, 236: 1, 237: 0}
238={112: 1, 61: -1, 86: 1, 13: 1}
239={112: 1, 82: -1, 61: -1}
240={82: -1, 62: -1, 31: 1}
241={83: -1, 82: -1, 19: -1, 62: -1}
242={145: -1, 126: -1, 61: -1, 62: -1, 127: -1}
243={128: -1, 32: -1, 34: -2, 35: -2, 98: 1, 45: 1, 185: -1, 187: -1, 220: 1}
244={220: 1, 34: 1, 35: 1, 52: 1, 214: 1}
245={256: 1, 35: 2, 101: 2, 46: 1, 47: 1, 52: 1, 155: 1}
246={120: 1, 41: -1, 84: -1, 21: 0}
247={56: 1, 385: -1, 21: 0, 24: 1, 119: 1}
248={32: -1, 130: -1, 13: -1, 38: -2}
249={32: -2, 33: -1, 31: 1}
250={32: -1, 370: -1}
251={185: -1, 187: -1, 61: -1, 358: -1, 385: -1}
252={96: 1, 5: -1, 111: 1, 112: 1, 90: 1, 62: -1}
253={114: 1, 35: 1, 98: -1, 47: 1}
254={9: 1, 62: 0}
255={145: -1}
256={129: -1, 130: -1, 9: -1, 13: -1, 47: 1, 85: -2, 22: 1, 343: -1, 126: -1, 245: -1}
257={34: 1, 26: 1, 91: 1, 53: 1}
258={32: 1, 35: 1, 39: 1, 83: 1, 53: 1, 24: 1, 25: 1, 62: 1, 117: 1}
259={32: 2, 39: 2, 9: -1, 82: 1, 83: 1, 117: 1, 24: -1, 26: 1, 62: 1}
260={32: 1, 129: -1, 37: 1, 140: -1, 84: 1, 121: -1, 31: -1}
265={472: -1, 473: -1, 411: 1, 412: 1, 373: 1}
266={32: 1, 38: 1}
268={32: -1, 83: 1, 31: -1}
269={19: -1}
270={21: -1, 62: 1}
271={360: 1, 137: -1, 443: 1}
272={360: 2, 272: 0, 277: -1}
273={2: 0, 11: 2}
274={11: 1}
275={11: 1}
276={11: 1, 125: 1}
277={98: -1, 35: -1, 102: -1, 103: 1, 40: -2, 303: -1, 272: 1, 136: -1, 27: -1}
278={5: -1, 9: 1, 144: -1, 84: 1, 85: 1, 20: -2}
279={9: 1, 108: -1, 13: 1, 144: -1, 20: -1, 21: -1, 126: -1}
280={13: 1}
281={13: 1}
282={13: 1, 86: 1}
283={25: 1, 86: 1, 61: -2, 62: -2}
284={37: 2, 454: 1, 7: 1, 9: 1, 13: 1, 150: -1, 479: 1, 5: -2}
285={37: 1, 5: -1}
286={4: -1, 5: -5, 6: -1, 169: 1, 108: 1, 14: -2, 89: -1}
287={5: -2, 6: 1, 169: 1, 170: 1, 84: 1, 41: 1, 20: 1}
288={108: 1, 37: 1, 38: 1}
289={32: 2}
290={32: 3, 40: 2, 35: 1, 38: 1, 39: 2}
291={40: 1, 174: 1, 504: 1, 25: 1, 186: 1, 27: 1}
292={33: 1, 174: 1, 151: 1}
296={118: 1, 21: 1, 22: 1}
297={34: 1, 309: 1}
298={35: 1}
299={35: 1}
300={98: -1, 35: -1, 102: -1, 103: 0, 136: -1, 105: -1, 40: -1, 27: -1}
301={128: -1, 124: 0, 108: -1, 145: -1, 84: 1, 21: -1, 123: 1, 28: -1, 127: -1}
302={137: 1, 26: 1}
303={137: 1, 277: 1}
304={5: 0, 108: 6, 140: 3, 462: 1, 145: -1, 14: 1, 23: 1, 57: 1, 122: -1, 123: -1, 124: -4}
305={32: 1, 129: -1, 84: -1, 22: -1}
306={80: -1, 129: -1, 84: -1, 22: 1, 119: -1}
307={37: 1, 108: -1, 205: -1, 499: -1, 21: -1, 119: -1, 124: -1, 126: 0, 31: 1}
308={128: -1, 35: 1}
309={98: 1, 35: 1, 297: -1, 22: -1, 121: 1, 187: -1}
310={120: -1, 37: -1, 31: -1, 21: -1, 119: -1}
311={119: -1}
312={5: -1, 38: 1, 9: -1, 84: 1, 85: -1, 22: 1, 116: 1, 21: 1}
313={108: 1, 84: -1, 21: 0, 30: 1, 61: 1}
314={5: -1, 108: -1, 14: -1, 84: -1, 88: 1, 30: -1}
315={84: -1, 30: -1, 6: -1}
316={32: -1, 37: 1, 38: -2, 9: 2, 13: 1, 121: -1, 188: 1, 30: 0, 31: -1}
317={33: -1, 34: -1, 38: -1, 98: 1, 121: 1, 31: 1}
318={35: -1, 117: -1}
319={35: -1}
320={35: -1}
321={9: -1, 146: 1, 148: 1, 37: 1, 38: 1}
322={9: 1, 26: 1, 61: 1, 25: 1}
323={40: 1, 27: 1, 191: 1}
324={33: 1}
325={84: 1, 5: -2, 6: -1, 7: -1}
326={8: -1, 85: 1, 6: -1}
327={9: 1, 85: 1, 6: -1, 5: -1}
328={9: 1}
329={13: 1}
330={13: 1}
331={24: 1, 25: 1, 26: 1, 13: 1}
332={21: -1}
333={21: -1}
334={21: -1}
335={21: -1}
336={96: -1, 26: -1, 22: -1, 23: -1, 24: -1, 25: -1, 90: -1, 541: -1}
337={26: -1, 23: -1}
338={9: -1, 13: -1}
339={24: -1, 19: -1}
340={108: 1, 119: 1}
341={146: 1}
342={146: 1, 174: 1, 191: 1}
343={256: 1, 191: 1}
344={8: 1, 49: 1, 6: -1, 7: -1}
345={14: -1, 30: -1}
346={30: -1, 119: 1}
347={21: 1}
348={88: 1, 217: 1, 21: 1}
349={91: -1, 30: -1, 47: -1}
351={108: -1, 6: -1}
352={38: 1, 140: -1, 108: -1, 180: -1, 59: -1, 60: -1, 157: -1}
353={60: -1, 157: -1, 61: -1}
354={155: -1}
355={100: -1, 10: 1, 108: -1, 13: 1, 84: -1, 538: 1, 30: -1}
357={372: -1, 82: -1, 156: 1, 220: -1, 370: 1}
358={129: 1, 220: -1, 370: 1, 82: -1, 214: 2, 251: 1, 156: 1, 221: 1}
359={82: -1, 359: 0}
360={272: -2, 82: -1, 228: -1, 271: -1}
361={146: 1, 84: -1, 37: -1, 30: -2}
362={98: 1, 37: -1, 174: 1, 47: 1, 149: -1, 25: 1, 30: -1, 191: 1}
363={97: -1, 193: -1}
365={21: 1, 14: -1}
366={21: 1, 119: -1}
367={24: 1, 119: -1}
368={38: -1, 13: 1, 37: 1, 30: -1, 31: 1}
369={40: -1, 114: -1, 35: -1, 117: -1}
370={194: 1, 22: -1, 358: -1, 357: -1, 37: 1, 31: 1, 117: 1, 370: 0, 445: -1, 157: 1, 82: 1, 83: 1, 62: 1, 214: 1, 376: 1, 250: 1, 155: 2, 156: 1, 221: 1, 446: -1, 447: -1}
371={220: 1}
372={36: -1, 357: 1, 174: 1, 142: 1, 22: 1, 375: 1, 376: 1, 126: 0, 127: -2}
373={35: -1, 101: -1, 40: -1, 265: -1, 138: -1, 139: -1, 136: -1, 117: -1, 413: -1, 53: -1}
374={165: -1, 14: -1, 7: -1}
375={9: -1, 372: -1, 126: -1, 14: -1}
376={385: -1, 386: -1, 9: -1, 14: -1, 370: -1, 372: -1, 22: -1}
377={4: 0, 170: 1, 11: 1, 12: 0}
381={124: 1, 21: 1, 126: 1}
382={8: 1, 41: 1, 6: 1, 7: 1}
383={140: -1, 119: -1}
384={5: 1, 6: 1, 108: -1, 142: 1, 145: -1, 24: 1, 126: -2, 127: -1}
385={227: -1, 9: 1, 113: 1, 247: 1, 376: 1, 251: 1}
386={376: 1, 113: 1, 227: -1, 9: -1}
400={24: 1}
403={49: 1, 471: -1}
404={49: 1, 471: -1}
405={24: 1, 62: 1}
406={30: -1}
407={30: -1}
408={24: 1, 25: 1}
409={37: -1, 38: -1}
411={265: -1}
412={265: -1}
413={373: 1}
414={174: 1}
416={136: 1, 35: 1, 102: -1}
417={136: 1, 35: 1}
418={35: 1, 421: 1, 422: 1, 136: 1, 201: 1, 114: 1, 53: 1}
419={422: 1}
420={422: 1, 423: 1}
421={418: -1, 475: 1}
422={155: -1, 418: -1, 419: -1, 420: -1, 194: -1}
423={420: -1}
424={145: 1}
425={62: -1}
426={19: -1}
427={113: 1}
428={145: -1, 9: 1, 6: 1, 7: 1}
429={37: -1}
430={37: -1}
431={37: -1}
432={35: -1, 27: -1}
433={157: -1}
434={8: 1, 9: 1, 157: -1, 237: -1}
435={8: -1, 9: -1, 14: -1, 7: -1}
438={61: 1}
439={61: 1}
440={82: -1}
441={82: -1, 228: -1}
442={228: -1}
443={228: -1, 271: -1}
444={193: 1, 156: 1}
445={370: 1}
446={370: 1}
447={370: 1, 38: 1}
448={454: 1}
449={454: 1, 455: 1}
450={455: 1}
451={455: 1}
452={456: 1, 455: 1}
453={456: 1, 457: 1, 458: 1, 117: -1, 536: -1}
454={448: -1, 284: -1, 68: -1, 124: 1, 449: -1}
455={449: -1, 450: -1, 451: -1, 452: -1, 491: 1}
456={492: 1, 452: -1, 453: -1, 493: 1}
457={453: -1}
458={453: -1}
462={304: -1, 124: -1, 21: 1}
463={124: 1, 123: 1, 36: -1, 14: -1}
464={36: -1, 30: -1}
465={467: -1, 468: -1, 37: -1, 30: -1}
466={496: -1, 497: -1, 468: -1, 469: -1, 495: -1}
467={465: 1}
468={465: 1, 466: 1}
469={466: 1}
470={217: 1, 21: -1}
471={161: 1, 38: 1, 403: 1, 404: 1, 21: -1, 22: -1}
472={265: 1, 475: 1}
473={265: 1}
474={201: -1, 53: -1}
475={472: -1, 201: -1, 421: -1}
478={31: 1}
479={144: -1, 89: -1, 36: -1, 284: -1}
480={21: 1}
481={178: 1, 188: 1, 61: 1}
482={8: -1, 483: 1}
483={482: -1}
485={5: -1, 6: -1}
488={146: -1, 119: -1}
490={120: -1}
491={494: -1, 455: -1}
492={456: -1}
493={456: -1, 495: -1}
494={491: 1}
495={466: 1, 493: 1}
496={466: 1}
497={466: 1}
498={9: 1, 84: 1, 85: 1}
499={9: 1, 307: 1}
500={119: -1}
501={120: -1}
502={174: -1}
503={174: -1}
504={291: -1, 174: -1, 195: -1}
505={7: 1}
507={9: 1}
508={56: 1, 9: 1}
514={9: -1}
519={146: 1, 127: -1, 119: 1}
524={40: 1, 49: 0, 155: 1}
525={49: -1, 13: 1, 63: -1}
528={86: 1}
529={161: 1, 86: 1}
530={82: -1, 155: -1}
531={82: -1}
532={536: -1, 117: -1}
533={61: 1}
534={61: 1}
535={155: 1, 62: 1}
536={532: 1, 155: 1, 228: 1, 453: 1}
537={70: -1}
538={355: -1, 38: 1}
539={90: -1}
540={90: -1}
541={336: 1}
554={38: 1}
555={38: 1}
556={32: 1, 38: 1, 39: 1}
557={40: 1, 19: 1, 62: 1}
558={38: 1}
559={146: -1, 38: 1, 23: -1}
560={8: -1, 9: -1}
561={59: -1, 150: -1}
565={119: 1}
566={4: 1}
567={194: -1}
578={7: 1}
580={127: -1}
581={56: 1}
582={126: -1}
583={126: -1}
584={155: -1}
585={136: 1, 138: 1, 139: 1}
586={136: 1}
594={146: -1, 22: -1}
