1,[]
2,['Spawning Pool']
3,['Hatchery', 'Spawning Pool']
4,['Extractor', 'Hatchery', 'Spawning Pool', 'Zergling']
5,['Extractor', 'Hatchery', 'Hydralisk Den', 'Spawning Pool', 'Zergling']
6,['Extractor', 'Hatchery', 'Hydralisk', 'Hydralisk Den', 'Spawning Pool', 'Zergling']
7,['Extractor', 'Hatchery', 'Hydralisk', 'Hydralisk Den', 'Lurker', 'Spawning Pool', 'Spire', 'Zergling']
8,['Extractor', 'Hatchery', 'Hydralisk', 'Hydralisk Den', 'Lurker', 'Mutalisk', 'Scourge', 'Spawning Pool', 'Spire', 'Zergling']
9,['Evolution Chamber', 'Extractor', 'Hatchery', 'Hydralisk', 'Hydralisk Den', 'Lurker', 'Mutalisk', 'Scourge', 'Spawning Pool', 'Spire', 'Zergling']
10,['Evolution Chamber', 'Extractor', 'Hatchery', 'Hydralisk', 'Hydralisk Den', 'Lurker', 'Mutalisk', 'Queens Nest', 'Scourge', 'Spawning Pool', 'Spire', 'Zergling']
11,['Defiler Mound', 'Evolution Chamber', 'Extractor', 'Hatchery', 'Hydralisk', 'Hydralisk Den', 'Lurker', 'Mutalisk', 'Queens Nest', 'Scourge', 'Spawning Pool', 'Spire', 'Ultralisk Cavern', 'Zergling']
12,['Hatchery']
13,['Extractor', 'Hatchery', 'Spawning Pool']
14,['Extractor', 'Hatchery', 'Spawning Pool', 'Spire', 'Zergling']
15,['Evolution Chamber', 'Extractor', 'Hatchery', 'Spawning Pool', 'Spire', 'Zergling']
16,['Evolution Chamber', 'Extractor', 'Hatchery', 'Hydralisk Den', 'Spawning Pool', 'Spire', 'Zergling']
17,['Evolution Chamber', 'Extractor', 'Hatchery', 'Hydralisk Den', 'Scourge', 'Spawning Pool', 'Spire', 'Zergling']
18,['Extractor', 'Spawning Pool']
19,['Extractor', 'Spawning Pool', 'Zergling']
20,['Extractor', 'Hatchery', 'Hydralisk Den', 'Spawning Pool', 'Spire', 'Zergling']
21,['Extractor', 'Hatchery', 'Hydralisk', 'Hydralisk Den', 'Spawning Pool', 'Spire', 'Zergling']
22,['Extractor', 'Hatchery', 'Hydralisk', 'Hydralisk Den', 'Mutalisk', 'Spawning Pool', 'Spire', 'Zergling']
23,['Extractor']
24,['Extractor', 'Hatchery']
25,['Hatchery', 'Spawning Pool', 'Zergling']
26,['Extractor', 'Hatchery', 'Hydralisk Den', 'Mutalisk', 'Spawning Pool', 'Spire', 'Zergling']
27,['Evolution Chamber', 'Extractor', 'Hatchery', 'Spawning Pool', 'Zergling']
28,['Evolution Chamber', 'Extractor', 'Hatchery', 'Hydralisk Den', 'Spawning Pool', 'Zergling']
29,['Evolution Chamber', 'Extractor', 'Hatchery', 'Hydralisk', 'Hydralisk Den', 'Spawning Pool', 'Zergling']
30,['Evolution Chamber', 'Extractor', 'Hatchery', 'Hydralisk', 'Hydralisk Den', 'Spawning Pool', 'Spire', 'Zergling']
31,['Evolution Chamber', 'Extractor', 'Hatchery', 'Hydralisk', 'Hydralisk Den', 'Queens Nest', 'Spawning Pool', 'Spire', 'Zergling']
32,['Evolution Chamber', 'Extractor', 'Hatchery', 'Hydralisk', 'Hydralisk Den', 'Mutalisk', 'Queens Nest', 'Spawning Pool', 'Spire', 'Zergling']
33,['Evolution Chamber', 'Extractor', 'Hatchery', 'Hydralisk', 'Hydralisk Den', 'Mutalisk', 'Queens Nest', 'Spawning Pool', 'Spire', 'Ultralisk Cavern', 'Zergling']
34,['Extractor', 'Hatchery', 'Hydralisk', 'Hydralisk Den', 'Lurker', 'Mutalisk', 'Spawning Pool', 'Spire', 'Zergling']
35,['Evolution Chamber', 'Extractor', 'Hatchery', 'Hydralisk', 'Hydralisk Den', 'Lurker', 'Mutalisk', 'Spawning Pool', 'Spire', 'Zergling']
36,['Evolution Chamber', 'Extractor', 'Hatchery', 'Mutalisk', 'Spawning Pool', 'Spire', 'Zergling']
37,['Evolution Chamber', 'Extractor', 'Hatchery', 'Hydralisk Den', 'Mutalisk', 'Spawning Pool', 'Spire', 'Zergling']
38,['Evolution Chamber', 'Extractor', 'Hatchery', 'Hydralisk', 'Hydralisk Den', 'Mutalisk', 'Spawning Pool', 'Spire', 'Zergling']
39,['Evolution Chamber', 'Extractor', 'Hatchery', 'Hydralisk', 'Hydralisk Den', 'Lurker', 'Mutalisk', 'Queens Nest', 'Spawning Pool', 'Spire', 'Zergling']
40,['Evolution Chamber', 'Extractor', 'Hatchery', 'Hydralisk', 'Hydralisk Den', 'Lurker', 'Mutalisk', 'Queens Nest', 'Spawning Pool', 'Spire', 'Ultralisk Cavern', 'Zergling']
41,['Evolution Chamber', 'Extractor', 'Hatchery', 'Hydralisk', 'Hydralisk Den', 'Lurker', 'Mutalisk', 'Queens Nest', 'Spawning Pool', 'Spire', 'Ultralisk', 'Ultralisk Cavern', 'Zergling']
42,['Spawning Pool', 'Zergling']
43,['Extractor', 'Hatchery', 'Hydralisk', 'Hydralisk Den', 'Lurker', 'Spawning Pool', 'Zergling']
44,['Evolution Chamber', 'Extractor', 'Hatchery', 'Hydralisk', 'Hydralisk Den', 'Lurker', 'Spawning Pool', 'Spire', 'Zergling']
45,['Evolution Chamber', 'Extractor', 'Hatchery', 'Hydralisk', 'Hydralisk Den', 'Lurker', 'Mutalisk', 'Nydus Canal', 'Queens Nest', 'Scourge', 'Spawning Pool', 'Spire', 'Ultralisk Cavern', 'Zergling']
46,['Evolution Chamber', 'Extractor', 'Hatchery', 'Hydralisk', 'Hydralisk Den', 'Lurker', 'Mutalisk', 'Nydus Canal', 'Queens Nest', 'Scourge', 'Spawning Pool', 'Spire', 'Ultralisk', 'Ultralisk Cavern', 'Zergling']
47,['Defiler Mound', 'Evolution Chamber', 'Extractor', 'Hatchery', 'Hydralisk', 'Hydralisk Den', 'Lurker', 'Mutalisk', 'Nydus Canal', 'Queens Nest', 'Scourge', 'Spawning Pool', 'Spire', 'Ultralisk', 'Ultralisk Cavern', 'Zergling']
48,['Defiler', 'Defiler Mound', 'Evolution Chamber', 'Extractor', 'Hatchery', 'Hydralisk', 'Hydralisk Den', 'Lurker', 'Mutalisk', 'Nydus Canal', 'Queens Nest', 'Scourge', 'Spawning Pool', 'Spire', 'Ultralisk', 'Ultralisk Cavern', 'Zergling']
49,['Evolution Chamber', 'Extractor', 'Hatchery', 'Hydralisk', 'Hydralisk Den', 'Lurker', 'Spawning Pool', 'Zergling']
50,['Evolution Chamber', 'Extractor', 'Hatchery', 'Hydralisk', 'Hydralisk Den', 'Lurker', 'Queens Nest', 'Spawning Pool', 'Zergling']
51,['Evolution Chamber', 'Extractor', 'Hatchery', 'Hydralisk', 'Hydralisk Den', 'Lurker', 'Queens Nest', 'Spawning Pool', 'Ultralisk Cavern', 'Zergling']
52,['Evolution Chamber', 'Extractor', 'Hatchery', 'Hydralisk', 'Hydralisk Den', 'Lurker', 'Queens Nest', 'Spawning Pool', 'Ultralisk', 'Ultralisk Cavern', 'Zergling']
53,['Defiler Mound', 'Evolution Chamber', 'Extractor', 'Hatchery', 'Hydralisk', 'Hydralisk Den', 'Lurker', 'Queens Nest', 'Spawning Pool', 'Ultralisk', 'Ultralisk Cavern', 'Zergling']
54,['Extractor', 'Hatchery', 'Mutalisk', 'Spawning Pool', 'Spire', 'Zergling']
55,['Evolution Chamber', 'Extractor', 'Hatchery', 'Hydralisk', 'Hydralisk Den', 'Lurker', 'Mutalisk', 'Queens Nest', 'Scourge', 'Spawning Pool', 'Spire', 'Ultralisk Cavern', 'Zergling']
56,['Evolution Chamber', 'Extractor', 'Hatchery', 'Hydralisk', 'Hydralisk Den', 'Lurker', 'Mutalisk', 'Queens Nest', 'Scourge', 'Spawning Pool', 'Spire', 'Ultralisk', 'Ultralisk Cavern', 'Zergling']
57,['Defiler Mound', 'Evolution Chamber', 'Extractor', 'Hatchery', 'Hydralisk', 'Hydralisk Den', 'Lurker', 'Mutalisk', 'Queens Nest', 'Scourge', 'Spawning Pool', 'Spire', 'Ultralisk', 'Ultralisk Cavern', 'Zergling']
58,['Defiler', 'Defiler Mound', 'Evolution Chamber', 'Extractor', 'Hatchery', 'Hydralisk', 'Hydralisk Den', 'Lurker', 'Mutalisk', 'Queens Nest', 'Scourge', 'Spawning Pool', 'Spire', 'Ultralisk', 'Ultralisk Cavern', 'Zergling']
59,['Defiler', 'Defiler Mound', 'Devourer', 'Evolution Chamber', 'Extractor', 'Hatchery', 'Hydralisk', 'Hydralisk Den', 'Lurker', 'Mutalisk', 'Queens Nest', 'Scourge', 'Spawning Pool', 'Spire', 'Ultralisk', 'Ultralisk Cavern', 'Zergling']
60,['Defiler', 'Defiler Mound', 'Devourer', 'Evolution Chamber', 'Extractor', 'Guardian', 'Hatchery', 'Hydralisk', 'Hydralisk Den', 'Lurker', 'Mutalisk', 'Queens Nest', 'Scourge', 'Spawning Pool', 'Spire', 'Ultralisk', 'Ultralisk Cavern', 'Zergling']
61,['Defiler', 'Defiler Mound', 'Devourer', 'Evolution Chamber', 'Extractor', 'Guardian', 'Hatchery', 'Hydralisk', 'Hydralisk Den', 'Lurker', 'Mutalisk', 'Queen', 'Queens Nest', 'Scourge', 'Spawning Pool', 'Spire', 'Ultralisk', 'Ultralisk Cavern', 'Zergling']
62,['Evolution Chamber', 'Extractor', 'Hatchery', 'Hydralisk', 'Hydralisk Den', 'Lurker', 'Scourge', 'Spawning Pool', 'Spire', 'Zergling']
63,['Evolution Chamber', 'Extractor', 'Hatchery', 'Hydralisk', 'Hydralisk Den', 'Lurker', 'Queens Nest', 'Scourge', 'Spawning Pool', 'Spire', 'Zergling']
64,['Evolution Chamber', 'Extractor', 'Hatchery', 'Hydralisk', 'Hydralisk Den', 'Lurker', 'Queens Nest', 'Scourge', 'Spawning Pool', 'Spire', 'Ultralisk Cavern', 'Zergling']
65,['Evolution Chamber', 'Extractor', 'Hatchery', 'Hydralisk', 'Hydralisk Den', 'Lurker', 'Queens Nest', 'Scourge', 'Spawning Pool', 'Spire', 'Ultralisk', 'Ultralisk Cavern', 'Zergling']
66,['Defiler Mound', 'Evolution Chamber', 'Extractor', 'Hatchery', 'Hydralisk', 'Hydralisk Den', 'Lurker', 'Queens Nest', 'Scourge', 'Spawning Pool', 'Spire', 'Ultralisk', 'Ultralisk Cavern', 'Zergling']
67,['Defiler', 'Defiler Mound', 'Evolution Chamber', 'Extractor', 'Hatchery', 'Hydralisk', 'Hydralisk Den', 'Lurker', 'Queens Nest', 'Scourge', 'Spawning Pool', 'Spire', 'Ultralisk', 'Ultralisk Cavern', 'Zergling']
68,['Evolution Chamber', 'Extractor', 'Hatchery', 'Hydralisk Den', 'Mutalisk', 'Queens Nest', 'Spawning Pool', 'Spire', 'Zergling']
69,['Evolution Chamber', 'Hatchery', 'Spawning Pool', 'Zergling']
70,['Extractor', 'Hatchery', 'Hydralisk Den', 'Scourge', 'Spawning Pool', 'Spire', 'Zergling']
71,['Extractor', 'Hatchery', 'Hydralisk', 'Hydralisk Den', 'Scourge', 'Spawning Pool', 'Spire', 'Zergling']
72,['Evolution Chamber', 'Extractor', 'Hatchery', 'Hydralisk', 'Hydralisk Den', 'Scourge', 'Spawning Pool', 'Spire', 'Zergling']
73,['Extractor', 'Hatchery', 'Hydralisk', 'Hydralisk Den', 'Mutalisk', 'Scourge', 'Spawning Pool', 'Spire', 'Zergling']
74,['Evolution Chamber', 'Extractor', 'Hatchery', 'Hydralisk', 'Hydralisk Den', 'Lurker', 'Queens Nest', 'Spawning Pool', 'Spire', 'Zergling']
75,['Evolution Chamber', 'Extractor', 'Guardian', 'Hatchery', 'Hydralisk', 'Hydralisk Den', 'Lurker', 'Mutalisk', 'Queens Nest', 'Scourge', 'Spawning Pool', 'Spire', 'Zergling']
76,['Evolution Chamber', 'Extractor', 'Guardian', 'Hatchery', 'Hydralisk', 'Hydralisk Den', 'Lurker', 'Mutalisk', 'Queens Nest', 'Scourge', 'Spawning Pool', 'Spire', 'Ultralisk Cavern', 'Zergling']
77,['Defiler Mound', 'Evolution Chamber', 'Extractor', 'Guardian', 'Hatchery', 'Hydralisk', 'Hydralisk Den', 'Lurker', 'Mutalisk', 'Queens Nest', 'Scourge', 'Spawning Pool', 'Spire', 'Ultralisk Cavern', 'Zergling']
78,['Defiler', 'Defiler Mound', 'Evolution Chamber', 'Extractor', 'Guardian', 'Hatchery', 'Hydralisk', 'Hydralisk Den', 'Lurker', 'Mutalisk', 'Queens Nest', 'Scourge', 'Spawning Pool', 'Spire', 'Ultralisk Cavern', 'Zergling']
79,['Evolution Chamber', 'Extractor', 'Hatchery', 'Hydralisk', 'Hydralisk Den', 'Mutalisk', 'Queens Nest', 'Scourge', 'Spawning Pool', 'Spire', 'Zergling']
80,['Extractor', 'Hydralisk Den', 'Spawning Pool', 'Zergling']
81,['Extractor', 'Hydralisk', 'Hydralisk Den', 'Spawning Pool', 'Zergling']
82,['Extractor', 'Hydralisk', 'Hydralisk Den', 'Lurker', 'Spawning Pool', 'Zergling']
83,['Evolution Chamber', 'Extractor', 'Hatchery', 'Hydralisk', 'Hydralisk Den', 'Lurker', 'Nydus Canal', 'Queens Nest', 'Scourge', 'Spawning Pool', 'Spire', 'Ultralisk', 'Ultralisk Cavern', 'Zergling']
84,['Defiler Mound', 'Evolution Chamber', 'Extractor', 'Hatchery', 'Hydralisk', 'Hydralisk Den', 'Lurker', 'Nydus Canal', 'Queens Nest', 'Scourge', 'Spawning Pool', 'Spire', 'Ultralisk', 'Ultralisk Cavern', 'Zergling']
85,['Defiler', 'Defiler Mound', 'Evolution Chamber', 'Extractor', 'Hatchery', 'Hydralisk', 'Hydralisk Den', 'Lurker', 'Nydus Canal', 'Queens Nest', 'Scourge', 'Spawning Pool', 'Spire', 'Ultralisk', 'Ultralisk Cavern', 'Zergling']
86,['Extractor', 'Hatchery', 'Mutalisk', 'Scourge', 'Spawning Pool', 'Spire', 'Zergling']
87,['Extractor', 'Hatchery', 'Hydralisk Den', 'Mutalisk', 'Scourge', 'Spawning Pool', 'Spire', 'Zergling']
88,['Evolution Chamber', 'Extractor', 'Hatchery', 'Hydralisk Den', 'Mutalisk', 'Scourge', 'Spawning Pool', 'Spire', 'Zergling']
89,['Evolution Chamber', 'Extractor', 'Hatchery', 'Hydralisk', 'Hydralisk Den', 'Mutalisk', 'Scourge', 'Spawning Pool', 'Spire', 'Zergling']
90,['Evolution Chamber', 'Extractor', 'Hatchery', 'Hydralisk', 'Hydralisk Den', 'Lurker', 'Mutalisk', 'Queen', 'Queens Nest', 'Scourge', 'Spawning Pool', 'Spire', 'Ultralisk', 'Ultralisk Cavern', 'Zergling']
91,['Evolution Chamber', 'Extractor', 'Hatchery', 'Mutalisk', 'Scourge', 'Spawning Pool', 'Spire', 'Zergling']
92,['Evolution Chamber', 'Extractor', 'Hatchery', 'Mutalisk', 'Queens Nest', 'Scourge', 'Spawning Pool', 'Spire', 'Zergling']
93,['Evolution Chamber', 'Extractor', 'Guardian', 'Hatchery', 'Mutalisk', 'Queens Nest', 'Scourge', 'Spawning Pool', 'Spire', 'Zergling']
94,['Evolution Chamber', 'Extractor', 'Hatchery', 'Scourge', 'Spawning Pool', 'Spire', 'Zergling']
95,['Extractor', 'Hatchery', 'Hydralisk', 'Hydralisk Den', 'Lurker', 'Scourge', 'Spawning Pool', 'Spire', 'Zergling']
96,['Extractor', 'Hydralisk Den', 'Spawning Pool', 'Spire', 'Zergling']
97,['Evolution Chamber', 'Extractor', 'Hatchery', 'Hydralisk', 'Hydralisk Den', 'Lurker', 'Mutalisk', 'Queen', 'Queens Nest', 'Scourge', 'Spawning Pool', 'Spire', 'Ultralisk Cavern', 'Zergling']
98,['Defiler Mound', 'Evolution Chamber', 'Extractor', 'Guardian', 'Hatchery', 'Hydralisk', 'Hydralisk Den', 'Lurker', 'Mutalisk', 'Queens Nest', 'Scourge', 'Spawning Pool', 'Spire', 'Zergling']
99,['Defiler', 'Defiler Mound', 'Evolution Chamber', 'Extractor', 'Guardian', 'Hatchery', 'Hydralisk', 'Hydralisk Den', 'Lurker', 'Mutalisk', 'Queens Nest', 'Scourge', 'Spawning Pool', 'Spire', 'Zergling']
100,['Defiler', 'Defiler Mound', 'Evolution Chamber', 'Extractor', 'Guardian', 'Hatchery', 'Hydralisk', 'Hydralisk Den', 'Lurker', 'Mutalisk', 'Queens Nest', 'Scourge', 'Spawning Pool', 'Spire', 'Ultralisk', 'Ultralisk Cavern', 'Zergling']
101,['Evolution Chamber', 'Extractor', 'Hatchery', 'Hydralisk', 'Hydralisk Den', 'Lurker', 'Mutalisk', 'Queen', 'Queens Nest', 'Scourge', 'Spawning Pool', 'Spire', 'Zergling']
102,['Evolution Chamber', 'Extractor', 'Hatchery', 'Hydralisk', 'Hydralisk Den', 'Lurker', 'Queens Nest', 'Spawning Pool', 'Spire', 'Ultralisk Cavern', 'Zergling']
103,['Evolution Chamber', 'Extractor', 'Hatchery', 'Hydralisk', 'Hydralisk Den', 'Lurker', 'Queens Nest', 'Spawning Pool', 'Spire', 'Ultralisk', 'Ultralisk Cavern', 'Zergling']
104,['Evolution Chamber', 'Extractor', 'Hatchery', 'Hydralisk', 'Hydralisk Den', 'Queens Nest', 'Spawning Pool', 'Zergling']
105,['Evolution Chamber', 'Extractor', 'Hatchery', 'Queens Nest', 'Spawning Pool', 'Spire', 'Zergling']
106,['Evolution Chamber', 'Extractor', 'Hatchery', 'Mutalisk', 'Queens Nest', 'Spawning Pool', 'Spire', 'Zergling']
107,['Devourer', 'Evolution Chamber', 'Extractor', 'Guardian', 'Hatchery', 'Mutalisk', 'Queens Nest', 'Scourge', 'Spawning Pool', 'Spire', 'Zergling']
108,['Defiler', 'Defiler Mound', 'Evolution Chamber', 'Extractor', 'Hatchery', 'Hydralisk', 'Hydralisk Den', 'Lurker', 'Mutalisk', 'Queen', 'Queens Nest', 'Scourge', 'Spawning Pool', 'Spire', 'Ultralisk', 'Ultralisk Cavern', 'Zergling']
109,['Evolution Chamber', 'Extractor', 'Hatchery', 'Hydralisk', 'Hydralisk Den', 'Queens Nest', 'Scourge', 'Spawning Pool', 'Spire', 'Zergling']
110,['Extractor', 'Hatchery', 'Hydralisk', 'Hydralisk Den', 'Lurker', 'Queens Nest', 'Scourge', 'Spawning Pool', 'Spire', 'Zergling']
111,['Defiler Mound', 'Evolution Chamber', 'Extractor', 'Hatchery', 'Hydralisk', 'Hydralisk Den', 'Lurker', 'Queens Nest', 'Scourge', 'Spawning Pool', 'Spire', 'Zergling']
112,['Defiler Mound', 'Evolution Chamber', 'Extractor', 'Hatchery', 'Hydralisk', 'Hydralisk Den', 'Lurker', 'Queens Nest', 'Scourge', 'Spawning Pool', 'Spire', 'Ultralisk Cavern', 'Zergling']
113,['Defiler', 'Defiler Mound', 'Evolution Chamber', 'Extractor', 'Hatchery', 'Hydralisk', 'Hydralisk Den', 'Lurker', 'Queens Nest', 'Scourge', 'Spawning Pool', 'Spire', 'Ultralisk Cavern', 'Zergling']
114,['Defiler', 'Defiler Mound', 'Evolution Chamber', 'Extractor', 'Hatchery', 'Hydralisk', 'Hydralisk Den', 'Lurker', 'Nydus Canal', 'Queens Nest', 'Scourge', 'Spawning Pool', 'Spire', 'Ultralisk Cavern', 'Zergling']
115,['Evolution Chamber', 'Extractor', 'Hatchery', 'Hydralisk', 'Hydralisk Den', 'Queens Nest', 'Spawning Pool', 'Spire', 'Ultralisk Cavern', 'Zergling']
116,['Defiler Mound', 'Extractor', 'Hatchery', 'Hydralisk', 'Hydralisk Den', 'Lurker', 'Queens Nest', 'Scourge', 'Spawning Pool', 'Spire', 'Zergling']
117,['Defiler', 'Defiler Mound', 'Extractor', 'Hatchery', 'Hydralisk', 'Hydralisk Den', 'Lurker', 'Queens Nest', 'Scourge', 'Spawning Pool', 'Spire', 'Zergling']
118,['Defiler Mound', 'Evolution Chamber', 'Extractor', 'Hatchery', 'Hydralisk', 'Hydralisk Den', 'Lurker', 'Mutalisk', 'Queen', 'Queens Nest', 'Scourge', 'Spawning Pool', 'Spire', 'Ultralisk', 'Ultralisk Cavern', 'Zergling']
119,['Evolution Chamber', 'Extractor', 'Hatchery', 'Hydralisk', 'Hydralisk Den', 'Lurker', 'Queen', 'Queens Nest', 'Spawning Pool', 'Spire', 'Ultralisk', 'Ultralisk Cavern', 'Zergling']
120,['Evolution Chamber', 'Extractor', 'Hatchery', 'Hydralisk', 'Hydralisk Den', 'Lurker', 'Queen', 'Queens Nest', 'Scourge', 'Spawning Pool', 'Spire', 'Ultralisk', 'Ultralisk Cavern', 'Zergling']
121,['Defiler Mound', 'Evolution Chamber', 'Extractor', 'Hatchery', 'Hydralisk', 'Hydralisk Den', 'Lurker', 'Queens Nest', 'Spawning Pool', 'Spire', 'Zergling']
122,['Defiler', 'Defiler Mound', 'Evolution Chamber', 'Extractor', 'Hatchery', 'Hydralisk', 'Hydralisk Den', 'Lurker', 'Queens Nest', 'Spawning Pool', 'Spire', 'Zergling']
123,['Defiler', 'Defiler Mound', 'Evolution Chamber', 'Extractor', 'Hatchery', 'Hydralisk', 'Hydralisk Den', 'Lurker', 'Queens Nest', 'Spawning Pool', 'Spire', 'Ultralisk Cavern', 'Zergling']
124,['Defiler', 'Defiler Mound', 'Evolution Chamber', 'Extractor', 'Hatchery', 'Hydralisk', 'Hydralisk Den', 'Lurker', 'Queens Nest', 'Spawning Pool', 'Spire', 'Ultralisk', 'Ultralisk Cavern', 'Zergling']
125,['Evolution Chamber', 'Extractor', 'Hatchery', 'Hydralisk', 'Hydralisk Den', 'Mutalisk', 'Queens Nest', 'Scourge', 'Spawning Pool', 'Spire', 'Ultralisk Cavern', 'Zergling']
126,['Evolution Chamber', 'Extractor', 'Hatchery', 'Hydralisk', 'Hydralisk Den', 'Mutalisk', 'Queens Nest', 'Scourge', 'Spawning Pool', 'Spire', 'Ultralisk', 'Ultralisk Cavern', 'Zergling']
127,['Defiler Mound', 'Evolution Chamber', 'Extractor', 'Hatchery', 'Mutalisk', 'Queens Nest', 'Scourge', 'Spawning Pool', 'Spire', 'Zergling']
128,['Defiler', 'Defiler Mound', 'Evolution Chamber', 'Extractor', 'Hatchery', 'Mutalisk', 'Queens Nest', 'Scourge', 'Spawning Pool', 'Spire', 'Zergling']
129,['Defiler', 'Defiler Mound', 'Evolution Chamber', 'Extractor', 'Hatchery', 'Mutalisk', 'Queens Nest', 'Scourge', 'Spawning Pool', 'Spire', 'Ultralisk Cavern', 'Zergling']
130,['Defiler', 'Defiler Mound', 'Evolution Chamber', 'Extractor', 'Guardian', 'Hatchery', 'Mutalisk', 'Queens Nest', 'Scourge', 'Spawning Pool', 'Spire', 'Ultralisk Cavern', 'Zergling']
131,['Defiler', 'Defiler Mound', 'Devourer', 'Evolution Chamber', 'Extractor', 'Guardian', 'Hatchery', 'Mutalisk', 'Queens Nest', 'Scourge', 'Spawning Pool', 'Spire', 'Ultralisk Cavern', 'Zergling']
132,['Defiler', 'Defiler Mound', 'Devourer', 'Evolution Chamber', 'Extractor', 'Guardian', 'Hatchery', 'Hydralisk Den', 'Mutalisk', 'Queens Nest', 'Scourge', 'Spawning Pool', 'Spire', 'Ultralisk Cavern', 'Zergling']
133,['Evolution Chamber', 'Extractor', 'Hatchery', 'Hydralisk', 'Hydralisk Den', 'Lurker', 'Mutalisk', 'Nydus Canal', 'Queens Nest', 'Scourge', 'Spawning Pool', 'Spire', 'Zergling']
134,['Evolution Chamber', 'Extractor', 'Hatchery', 'Mutalisk', 'Queen', 'Queens Nest', 'Scourge', 'Spawning Pool', 'Spire', 'Zergling']
135,['Evolution Chamber', 'Extractor', 'Guardian', 'Hatchery', 'Mutalisk', 'Queen', 'Queens Nest', 'Scourge', 'Spawning Pool', 'Spire', 'Zergling']
136,['Defiler', 'Defiler Mound', 'Evolution Chamber', 'Extractor', 'Hatchery', 'Hydralisk', 'Hydralisk Den', 'Lurker', 'Queens Nest', 'Scourge', 'Spawning Pool', 'Spire', 'Zergling']
137,['Defiler Mound', 'Evolution Chamber', 'Extractor', 'Hatchery', 'Hydralisk', 'Hydralisk Den', 'Lurker', 'Mutalisk', 'Queens Nest', 'Scourge', 'Spawning Pool', 'Spire', 'Zergling']
138,['Defiler Mound', 'Evolution Chamber', 'Extractor', 'Hatchery', 'Hydralisk', 'Hydralisk Den', 'Lurker', 'Mutalisk', 'Nydus Canal', 'Queens Nest', 'Scourge', 'Spawning Pool', 'Spire', 'Zergling']
139,['Defiler', 'Defiler Mound', 'Evolution Chamber', 'Extractor', 'Hatchery', 'Hydralisk', 'Hydralisk Den', 'Lurker', 'Mutalisk', 'Nydus Canal', 'Queen', 'Queens Nest', 'Scourge', 'Spawning Pool', 'Spire', 'Ultralisk Cavern', 'Zergling']
140,['Defiler', 'Defiler Mound', 'Evolution Chamber', 'Extractor', 'Hatchery', 'Hydralisk', 'Hydralisk Den', 'Lurker', 'Mutalisk', 'Nydus Canal', 'Queen', 'Queens Nest', 'Scourge', 'Spawning Pool', 'Spire', 'Ultralisk', 'Ultralisk Cavern', 'Zergling']
141,['Defiler', 'Defiler Mound', 'Evolution Chamber', 'Extractor', 'Hatchery', 'Hydralisk', 'Hydralisk Den', 'Lurker', 'Mutalisk', 'Nydus Canal', 'Queens Nest', 'Scourge', 'Spawning Pool', 'Spire', 'Zergling']
142,['Defiler', 'Defiler Mound', 'Evolution Chamber', 'Extractor', 'Hatchery', 'Hydralisk', 'Hydralisk Den', 'Lurker', 'Mutalisk', 'Nydus Canal', 'Queens Nest', 'Scourge', 'Spawning Pool', 'Spire', 'Ultralisk Cavern', 'Zergling']
143,['Evolution Chamber', 'Extractor', 'Guardian', 'Hatchery', 'Hydralisk', 'Hydralisk Den', 'Lurker', 'Mutalisk', 'Queens Nest', 'Scourge', 'Spawning Pool', 'Spire', 'Ultralisk', 'Ultralisk Cavern', 'Zergling']
144,['Defiler', 'Defiler Mound', 'Evolution Chamber', 'Extractor', 'Hatchery', 'Hydralisk', 'Hydralisk Den', 'Lurker', 'Queens Nest', 'Spawning Pool', 'Ultralisk', 'Ultralisk Cavern', 'Zergling']
145,['Defiler', 'Defiler Mound', 'Evolution Chamber', 'Extractor', 'Hatchery', 'Hydralisk', 'Hydralisk Den', 'Lurker', 'Nydus Canal', 'Queens Nest', 'Spawning Pool', 'Ultralisk', 'Ultralisk Cavern', 'Zergling']
146,['Defiler', 'Defiler Mound', 'Evolution Chamber', 'Extractor', 'Hatchery', 'Hydralisk', 'Hydralisk Den', 'Lurker', 'Mutalisk', 'Queens Nest', 'Scourge', 'Spawning Pool', 'Spire', 'Zergling']
147,['Defiler', 'Defiler Mound', 'Evolution Chamber', 'Extractor', 'Hatchery', 'Hydralisk', 'Hydralisk Den', 'Lurker', 'Mutalisk', 'Queens Nest', 'Scourge', 'Spawning Pool', 'Spire', 'Ultralisk Cavern', 'Zergling']
148,['Defiler Mound', 'Evolution Chamber', 'Extractor', 'Hatchery', 'Hydralisk', 'Hydralisk Den', 'Queens Nest', 'Spawning Pool', 'Spire', 'Zergling']
149,['Defiler', 'Defiler Mound', 'Evolution Chamber', 'Extractor', 'Hatchery', 'Hydralisk', 'Hydralisk Den', 'Queens Nest', 'Spawning Pool', 'Spire', 'Zergling']
150,['Defiler', 'Defiler Mound', 'Evolution Chamber', 'Extractor', 'Hatchery', 'Hydralisk', 'Hydralisk Den', 'Queens Nest', 'Spawning Pool', 'Spire', 'Ultralisk Cavern', 'Zergling']
151,['Defiler', 'Defiler Mound', 'Evolution Chamber', 'Extractor', 'Hatchery', 'Hydralisk', 'Hydralisk Den', 'Queens Nest', 'Spawning Pool', 'Spire', 'Ultralisk', 'Ultralisk Cavern', 'Zergling']
152,['Defiler', 'Defiler Mound', 'Evolution Chamber', 'Extractor', 'Hatchery', 'Hydralisk', 'Hydralisk Den', 'Queens Nest', 'Scourge', 'Spawning Pool', 'Spire', 'Ultralisk', 'Ultralisk Cavern', 'Zergling']
153,['Evolution Chamber', 'Extractor', 'Hatchery', 'Hydralisk', 'Hydralisk Den', 'Lurker', 'Mutalisk', 'Nydus Canal', 'Queens Nest', 'Spawning Pool', 'Spire', 'Zergling']
154,['Evolution Chamber', 'Extractor', 'Hatchery', 'Hydralisk', 'Hydralisk Den', 'Lurker', 'Mutalisk', 'Nydus Canal', 'Queens Nest', 'Spawning Pool', 'Spire', 'Ultralisk Cavern', 'Zergling']
155,['Defiler Mound', 'Evolution Chamber', 'Extractor', 'Hatchery', 'Hydralisk', 'Hydralisk Den', 'Queens Nest', 'Scourge', 'Spawning Pool', 'Spire', 'Zergling']
156,['Defiler Mound', 'Evolution Chamber', 'Extractor', 'Hatchery', 'Hydralisk', 'Hydralisk Den', 'Queens Nest', 'Scourge', 'Spawning Pool', 'Spire', 'Ultralisk Cavern', 'Zergling']
157,['Defiler', 'Defiler Mound', 'Evolution Chamber', 'Extractor', 'Hatchery', 'Hydralisk', 'Hydralisk Den', 'Queens Nest', 'Scourge', 'Spawning Pool', 'Spire', 'Ultralisk Cavern', 'Zergling']
158,['Defiler', 'Defiler Mound', 'Evolution Chamber', 'Extractor', 'Hatchery', 'Hydralisk', 'Hydralisk Den', 'Lurker', 'Nydus Canal', 'Queen', 'Queens Nest', 'Scourge', 'Spawning Pool', 'Spire', 'Ultralisk', 'Ultralisk Cavern', 'Zergling']
159,['Defiler', 'Defiler Mound', 'Devourer', 'Evolution Chamber', 'Extractor', 'Hatchery', 'Hydralisk', 'Hydralisk Den', 'Lurker', 'Mutalisk', 'Nydus Canal', 'Queen', 'Queens Nest', 'Scourge', 'Spawning Pool', 'Spire', 'Ultralisk', 'Ultralisk Cavern', 'Zergling']
160,['Defiler Mound', 'Evolution Chamber', 'Extractor', 'Hatchery', 'Hydralisk', 'Hydralisk Den', 'Lurker', 'Queen', 'Queens Nest', 'Scourge', 'Spawning Pool', 'Spire', 'Ultralisk', 'Ultralisk Cavern', 'Zergling']
161,['Defiler', 'Defiler Mound', 'Evolution Chamber', 'Extractor', 'Hatchery', 'Hydralisk', 'Hydralisk Den', 'Lurker', 'Queen', 'Queens Nest', 'Scourge', 'Spawning Pool', 'Spire', 'Ultralisk', 'Ultralisk Cavern', 'Zergling']
162,['Evolution Chamber', 'Extractor', 'Hatchery', 'Hydralisk', 'Hydralisk Den', 'Queens Nest', 'Spawning Pool', 'Spire', 'Ultralisk', 'Ultralisk Cavern', 'Zergling']
163,['Extractor', 'Hatchery', 'Mutalisk', 'Queens Nest', 'Spawning Pool', 'Spire', 'Zergling']
164,['Extractor', 'Guardian', 'Hatchery', 'Mutalisk', 'Queens Nest', 'Spawning Pool', 'Spire', 'Zergling']
165,['Extractor', 'Guardian', 'Hatchery', 'Mutalisk', 'Queens Nest', 'Scourge', 'Spawning Pool', 'Spire', 'Zergling']
166,['Defiler Mound', 'Evolution Chamber', 'Extractor', 'Hatchery', 'Hydralisk', 'Hydralisk Den', 'Mutalisk', 'Queens Nest', 'Scourge', 'Spawning Pool', 'Spire', 'Zergling']
167,['Defiler Mound', 'Evolution Chamber', 'Extractor', 'Hatchery', 'Hydralisk', 'Hydralisk Den', 'Mutalisk', 'Queen', 'Queens Nest', 'Scourge', 'Spawning Pool', 'Spire', 'Zergling']
168,['Defiler', 'Defiler Mound', 'Evolution Chamber', 'Extractor', 'Hatchery', 'Hydralisk', 'Hydralisk Den', 'Mutalisk', 'Queen', 'Queens Nest', 'Scourge', 'Spawning Pool', 'Spire', 'Zergling']
169,['Evolution Chamber', 'Extractor', 'Hatchery', 'Mutalisk', 'Queen', 'Queens Nest', 'Spawning Pool', 'Spire', 'Zergling']
170,['Extractor', 'Hatchery', 'Scourge', 'Spawning Pool', 'Spire', 'Zergling']
171,['Defiler', 'Defiler Mound', 'Devourer', 'Evolution Chamber', 'Extractor', 'Hatchery', 'Hydralisk', 'Hydralisk Den', 'Lurker', 'Mutalisk', 'Nydus Canal', 'Queens Nest', 'Scourge', 'Spawning Pool', 'Spire', 'Ultralisk Cavern', 'Zergling']
172,['Evolution Chamber', 'Extractor', 'Guardian', 'Hatchery', 'Hydralisk', 'Hydralisk Den', 'Lurker', 'Mutalisk', 'Queens Nest', 'Spawning Pool', 'Spire', 'Ultralisk Cavern', 'Zergling']
173,['Evolution Chamber', 'Extractor', 'Hatchery', 'Mutalisk', 'Queens Nest', 'Spawning Pool', 'Spire', 'Ultralisk Cavern', 'Zergling']
174,['Evolution Chamber', 'Extractor', 'Guardian', 'Hatchery', 'Mutalisk', 'Queens Nest', 'Scourge', 'Spawning Pool', 'Spire', 'Ultralisk Cavern', 'Zergling']
175,['Evolution Chamber', 'Extractor', 'Guardian', 'Hatchery', 'Mutalisk', 'Queens Nest', 'Scourge', 'Spawning Pool', 'Spire', 'Ultralisk', 'Ultralisk Cavern', 'Zergling']
176,['Evolution Chamber', 'Extractor', 'Guardian', 'Hatchery', 'Hydralisk Den', 'Mutalisk', 'Queens Nest', 'Scourge', 'Spawning Pool', 'Spire', 'Ultralisk', 'Ultralisk Cavern', 'Zergling']
177,['Defiler Mound', 'Evolution Chamber', 'Extractor', 'Guardian', 'Hatchery', 'Hydralisk Den', 'Mutalisk', 'Queens Nest', 'Scourge', 'Spawning Pool', 'Spire', 'Ultralisk', 'Ultralisk Cavern', 'Zergling']
178,['Defiler Mound', 'Evolution Chamber', 'Extractor', 'Guardian', 'Hatchery', 'Hydralisk', 'Hydralisk Den', 'Mutalisk', 'Queens Nest', 'Scourge', 'Spawning Pool', 'Spire', 'Ultralisk', 'Ultralisk Cavern', 'Zergling']
179,['Defiler', 'Defiler Mound', 'Evolution Chamber', 'Extractor', 'Guardian', 'Hatchery', 'Hydralisk', 'Hydralisk Den', 'Mutalisk', 'Queens Nest', 'Scourge', 'Spawning Pool', 'Spire', 'Ultralisk', 'Ultralisk Cavern', 'Zergling']
180,['Evolution Chamber', 'Extractor', 'Hatchery', 'Hydralisk', 'Hydralisk Den', 'Lurker', 'Nydus Canal', 'Queens Nest', 'Spawning Pool', 'Ultralisk Cavern', 'Zergling']
181,['Evolution Chamber', 'Extractor', 'Hatchery', 'Hydralisk', 'Hydralisk Den', 'Lurker', 'Nydus Canal', 'Queens Nest', 'Spawning Pool', 'Ultralisk', 'Ultralisk Cavern', 'Zergling']
182,['Defiler Mound', 'Evolution Chamber', 'Extractor', 'Hatchery', 'Hydralisk', 'Hydralisk Den', 'Lurker', 'Nydus Canal', 'Queens Nest', 'Spawning Pool', 'Ultralisk', 'Ultralisk Cavern', 'Zergling']
183,['Evolution Chamber', 'Extractor', 'Hatchery', 'Hydralisk Den', 'Queens Nest', 'Scourge', 'Spawning Pool', 'Spire', 'Zergling']
184,['Evolution Chamber', 'Extractor', 'Guardian', 'Hatchery', 'Mutalisk', 'Nydus Canal', 'Queens Nest', 'Scourge', 'Spawning Pool', 'Spire', 'Zergling']
185,['Defiler', 'Defiler Mound', 'Evolution Chamber', 'Extractor', 'Guardian', 'Hatchery', 'Hydralisk', 'Hydralisk Den', 'Lurker', 'Mutalisk', 'Queen', 'Queens Nest', 'Scourge', 'Spawning Pool', 'Spire', 'Ultralisk', 'Ultralisk Cavern', 'Zergling']
186,['Defiler', 'Defiler Mound', 'Devourer', 'Evolution Chamber', 'Extractor', 'Hatchery', 'Hydralisk', 'Hydralisk Den', 'Lurker', 'Mutalisk', 'Nydus Canal', 'Queens Nest', 'Scourge', 'Spawning Pool', 'Spire', 'Ultralisk', 'Ultralisk Cavern', 'Zergling']
187,['Defiler Mound', 'Evolution Chamber', 'Extractor', 'Hatchery', 'Hydralisk', 'Hydralisk Den', 'Lurker', 'Mutalisk', 'Nydus Canal', 'Queens Nest', 'Scourge', 'Spawning Pool', 'Spire', 'Ultralisk Cavern', 'Zergling']
188,['Defiler', 'Defiler Mound', 'Evolution Chamber', 'Extractor', 'Guardian', 'Hatchery', 'Hydralisk', 'Hydralisk Den', 'Lurker', 'Mutalisk', 'Nydus Canal', 'Queens Nest', 'Scourge', 'Spawning Pool', 'Spire', 'Ultralisk Cavern', 'Zergling']
189,['Defiler', 'Defiler Mound', 'Evolution Chamber', 'Extractor', 'Guardian', 'Hatchery', 'Hydralisk', 'Hydralisk Den', 'Lurker', 'Mutalisk', 'Nydus Canal', 'Queens Nest', 'Scourge', 'Spawning Pool', 'Spire', 'Ultralisk', 'Ultralisk Cavern', 'Zergling']
190,['Extractor', 'Hatchery', 'Hydralisk Den', 'Mutalisk', 'Queens Nest', 'Spawning Pool', 'Spire', 'Zergling']
191,['Devourer', 'Evolution Chamber', 'Extractor', 'Guardian', 'Hatchery', 'Mutalisk', 'Queens Nest', 'Spawning Pool', 'Spire', 'Zergling']
192,['Defiler Mound', 'Devourer', 'Evolution Chamber', 'Extractor', 'Guardian', 'Hatchery', 'Mutalisk', 'Queens Nest', 'Spawning Pool', 'Spire', 'Zergling']
193,['Defiler', 'Defiler Mound', 'Devourer', 'Evolution Chamber', 'Extractor', 'Guardian', 'Hatchery', 'Mutalisk', 'Queens Nest', 'Spawning Pool', 'Spire', 'Zergling']
194,['Defiler', 'Defiler Mound', 'Devourer', 'Evolution Chamber', 'Extractor', 'Guardian', 'Hatchery', 'Mutalisk', 'Queens Nest', 'Scourge', 'Spawning Pool', 'Spire', 'Zergling']
195,['Devourer', 'Evolution Chamber', 'Extractor', 'Hatchery', 'Hydralisk', 'Hydralisk Den', 'Mutalisk', 'Queens Nest', 'Scourge', 'Spawning Pool', 'Spire', 'Zergling']
196,['Devourer', 'Evolution Chamber', 'Extractor', 'Guardian', 'Hatchery', 'Hydralisk', 'Hydralisk Den', 'Mutalisk', 'Queens Nest', 'Scourge', 'Spawning Pool', 'Spire', 'Zergling']
197,['Defiler Mound', 'Devourer', 'Evolution Chamber', 'Extractor', 'Guardian', 'Hatchery', 'Hydralisk', 'Hydralisk Den', 'Mutalisk', 'Queens Nest', 'Scourge', 'Spawning Pool', 'Spire', 'Zergling']
198,['Defiler', 'Defiler Mound', 'Evolution Chamber', 'Extractor', 'Hatchery', 'Hydralisk', 'Hydralisk Den', 'Queens Nest', 'Scourge', 'Spawning Pool', 'Spire', 'Zergling']
199,['Defiler', 'Defiler Mound', 'Evolution Chamber', 'Extractor', 'Hatchery', 'Hydralisk', 'Hydralisk Den', 'Mutalisk', 'Queens Nest', 'Scourge', 'Spawning Pool', 'Spire', 'Zergling']
200,['Defiler', 'Defiler Mound', 'Devourer', 'Evolution Chamber', 'Extractor', 'Hatchery', 'Hydralisk', 'Hydralisk Den', 'Mutalisk', 'Queens Nest', 'Scourge', 'Spawning Pool', 'Spire', 'Zergling']
201,['Evolution Chamber', 'Extractor', 'Hatchery', 'Hydralisk', 'Hydralisk Den', 'Lurker', 'Queen', 'Queens Nest', 'Scourge', 'Spawning Pool', 'Spire', 'Zergling']
202,['Evolution Chamber', 'Extractor', 'Hatchery', 'Hydralisk', 'Hydralisk Den', 'Lurker', 'Queen', 'Queens Nest', 'Scourge', 'Spawning Pool', 'Spire', 'Ultralisk Cavern', 'Zergling']
203,['Evolution Chamber', 'Extractor', 'Hatchery', 'Hydralisk', 'Hydralisk Den', 'Lurker', 'Mutalisk', 'Nydus Canal', 'Queens Nest', 'Spawning Pool', 'Spire', 'Ultralisk', 'Ultralisk Cavern', 'Zergling']
204,['Evolution Chamber', 'Extractor', 'Hatchery', 'Hydralisk', 'Hydralisk Den', 'Queens Nest', 'Scourge', 'Spawning Pool', 'Spire', 'Ultralisk Cavern', 'Zergling']
205,['Evolution Chamber', 'Extractor', 'Hatchery', 'Hydralisk', 'Hydralisk Den', 'Queens Nest', 'Scourge', 'Spawning Pool', 'Spire', 'Ultralisk', 'Ultralisk Cavern', 'Zergling']
206,['Defiler Mound', 'Evolution Chamber', 'Extractor', 'Hatchery', 'Hydralisk', 'Hydralisk Den', 'Queens Nest', 'Scourge', 'Spawning Pool', 'Spire', 'Ultralisk', 'Ultralisk Cavern', 'Zergling']
207,['Evolution Chamber', 'Extractor', 'Hatchery', 'Mutalisk', 'Queens Nest', 'Spawning Pool', 'Spire', 'Ultralisk', 'Ultralisk Cavern', 'Zergling']
208,['Evolution Chamber', 'Extractor', 'Hatchery', 'Mutalisk', 'Queens Nest', 'Scourge', 'Spawning Pool', 'Spire', 'Ultralisk', 'Ultralisk Cavern', 'Zergling']
209,['Evolution Chamber', 'Extractor', 'Hatchery', 'Hydralisk Den', 'Mutalisk', 'Queens Nest', 'Scourge', 'Spawning Pool', 'Spire', 'Ultralisk', 'Ultralisk Cavern', 'Zergling']
210,['Evolution Chamber', 'Extractor', 'Hatchery', 'Queens Nest', 'Scourge', 'Spawning Pool', 'Spire', 'Zergling']
211,['Evolution Chamber', 'Extractor', 'Hatchery', 'Hydralisk Den', 'Mutalisk', 'Queens Nest', 'Scourge', 'Spawning Pool', 'Spire', 'Zergling']
212,['Evolution Chamber', 'Extractor', 'Hatchery', 'Hydralisk Den', 'Mutalisk', 'Queens Nest', 'Scourge', 'Spawning Pool', 'Spire', 'Ultralisk Cavern', 'Zergling']
213,['Evolution Chamber', 'Extractor', 'Guardian', 'Hatchery', 'Mutalisk', 'Queens Nest', 'Spawning Pool', 'Spire', 'Zergling']
214,['Evolution Chamber', 'Extractor', 'Guardian', 'Hatchery', 'Mutalisk', 'Queens Nest', 'Spawning Pool', 'Spire', 'Ultralisk Cavern', 'Zergling']
215,['Evolution Chamber', 'Extractor', 'Guardian', 'Hatchery', 'Mutalisk', 'Queens Nest', 'Spawning Pool', 'Spire', 'Ultralisk', 'Ultralisk Cavern', 'Zergling']
216,['Evolution Chamber', 'Extractor', 'Hatchery', 'Queens Nest', 'Scourge', 'Spawning Pool', 'Spire', 'Ultralisk Cavern', 'Zergling']
217,['Evolution Chamber', 'Extractor', 'Hatchery', 'Queens Nest', 'Scourge', 'Spawning Pool', 'Spire', 'Ultralisk', 'Ultralisk Cavern', 'Zergling']
218,['Evolution Chamber', 'Extractor', 'Hatchery', 'Hydralisk Den', 'Queens Nest', 'Scourge', 'Spawning Pool', 'Spire', 'Ultralisk', 'Ultralisk Cavern', 'Zergling']
219,['Defiler Mound', 'Evolution Chamber', 'Extractor', 'Hatchery', 'Hydralisk', 'Hydralisk Den', 'Lurker', 'Queens Nest', 'Spawning Pool', 'Spire', 'Ultralisk', 'Ultralisk Cavern', 'Zergling']
220,['Defiler', 'Defiler Mound', 'Evolution Chamber', 'Extractor', 'Hatchery', 'Hydralisk', 'Hydralisk Den', 'Lurker', 'Nydus Canal', 'Queens Nest', 'Spawning Pool', 'Spire', 'Ultralisk', 'Ultralisk Cavern', 'Zergling']
221,['Evolution Chamber', 'Extractor', 'Hatchery', 'Hydralisk', 'Hydralisk Den', 'Lurker', 'Nydus Canal', 'Queen', 'Queens Nest', 'Scourge', 'Spawning Pool', 'Spire', 'Ultralisk', 'Ultralisk Cavern', 'Zergling']
222,['Devourer', 'Evolution Chamber', 'Extractor', 'Hatchery', 'Mutalisk', 'Queens Nest', 'Scourge', 'Spawning Pool', 'Spire', 'Zergling']
223,['Devourer', 'Evolution Chamber', 'Extractor', 'Guardian', 'Hatchery', 'Hydralisk Den', 'Mutalisk', 'Queens Nest', 'Scourge', 'Spawning Pool', 'Spire', 'Zergling']
224,['Devourer', 'Evolution Chamber', 'Extractor', 'Guardian', 'Hatchery', 'Hydralisk Den', 'Mutalisk', 'Queens Nest', 'Scourge', 'Spawning Pool', 'Spire', 'Ultralisk Cavern', 'Zergling']
225,['Devourer', 'Evolution Chamber', 'Extractor', 'Guardian', 'Hatchery', 'Hydralisk', 'Hydralisk Den', 'Mutalisk', 'Queens Nest', 'Scourge', 'Spawning Pool', 'Spire', 'Ultralisk Cavern', 'Zergling']
226,['Evolution Chamber', 'Extractor', 'Hatchery', 'Hydralisk', 'Hydralisk Den', 'Lurker', 'Nydus Canal', 'Queens Nest', 'Spawning Pool', 'Spire', 'Ultralisk', 'Ultralisk Cavern', 'Zergling']
227,['Defiler', 'Defiler Mound', 'Devourer', 'Evolution Chamber', 'Extractor', 'Hatchery', 'Hydralisk', 'Hydralisk Den', 'Lurker', 'Mutalisk', 'Nydus Canal', 'Queens Nest', 'Scourge', 'Spawning Pool', 'Spire', 'Zergling']
228,['Extractor', 'Spawning Pool', 'Spire', 'Zergling']
229,['Extractor', 'Mutalisk', 'Spawning Pool', 'Spire', 'Zergling']
230,['Devourer', 'Evolution Chamber', 'Extractor', 'Guardian', 'Hatchery', 'Hydralisk', 'Hydralisk Den', 'Mutalisk', 'Queens Nest', 'Spawning Pool', 'Spire', 'Zergling']
231,['Devourer', 'Evolution Chamber', 'Extractor', 'Guardian', 'Hatchery', 'Hydralisk', 'Hydralisk Den', 'Mutalisk', 'Queens Nest', 'Spawning Pool', 'Spire', 'Ultralisk Cavern', 'Zergling']
232,['Defiler Mound', 'Devourer', 'Evolution Chamber', 'Extractor', 'Guardian', 'Hatchery', 'Hydralisk', 'Hydralisk Den', 'Mutalisk', 'Queens Nest', 'Spawning Pool', 'Spire', 'Ultralisk Cavern', 'Zergling']
233,['Defiler', 'Defiler Mound', 'Devourer', 'Evolution Chamber', 'Extractor', 'Guardian', 'Hatchery', 'Hydralisk', 'Hydralisk Den', 'Mutalisk', 'Queens Nest', 'Spawning Pool', 'Spire', 'Ultralisk', 'Ultralisk Cavern', 'Zergling']
234,['Evolution Chamber', 'Extractor', 'Hatchery', 'Hydralisk', 'Hydralisk Den', 'Lurker', 'Nydus Canal', 'Queens Nest', 'Scourge', 'Spawning Pool', 'Spire', 'Zergling']
235,['Evolution Chamber', 'Extractor', 'Hatchery', 'Hydralisk', 'Hydralisk Den', 'Lurker', 'Nydus Canal', 'Queens Nest', 'Scourge', 'Spawning Pool', 'Spire', 'Ultralisk Cavern', 'Zergling']
236,['Defiler Mound', 'Evolution Chamber', 'Extractor', 'Hatchery', 'Hydralisk', 'Hydralisk Den', 'Lurker', 'Queens Nest', 'Spawning Pool', 'Zergling']
237,['Evolution Chamber', 'Extractor', 'Hatchery', 'Queens Nest', 'Spawning Pool', 'Zergling']
238,['Defiler Mound', 'Evolution Chamber', 'Extractor', 'Hatchery', 'Hydralisk Den', 'Mutalisk', 'Queens Nest', 'Scourge', 'Spawning Pool', 'Spire', 'Zergling']
239,['Defiler', 'Defiler Mound', 'Evolution Chamber', 'Extractor', 'Hatchery', 'Hydralisk Den', 'Mutalisk', 'Queens Nest', 'Scourge', 'Spawning Pool', 'Spire', 'Zergling']
240,['Defiler', 'Defiler Mound', 'Devourer', 'Evolution Chamber', 'Extractor', 'Hatchery', 'Hydralisk Den', 'Mutalisk', 'Queens Nest', 'Scourge', 'Spawning Pool', 'Spire', 'Zergling']
241,['Defiler', 'Defiler Mound', 'Devourer', 'Evolution Chamber', 'Extractor', 'Guardian', 'Hatchery', 'Hydralisk Den', 'Mutalisk', 'Queens Nest', 'Scourge', 'Spawning Pool', 'Spire', 'Zergling']
242,['Defiler', 'Defiler Mound', 'Devourer', 'Evolution Chamber', 'Extractor', 'Guardian', 'Hatchery', 'Hydralisk', 'Hydralisk Den', 'Mutalisk', 'Queens Nest', 'Scourge', 'Spawning Pool', 'Spire', 'Zergling']
243,['Defiler', 'Defiler Mound', 'Devourer', 'Evolution Chamber', 'Extractor', 'Guardian', 'Hatchery', 'Hydralisk', 'Hydralisk Den', 'Lurker', 'Mutalisk', 'Nydus Canal', 'Queens Nest', 'Scourge', 'Spawning Pool', 'Spire', 'Ultralisk', 'Ultralisk Cavern', 'Zergling']
244,['Defiler', 'Defiler Mound', 'Devourer', 'Evolution Chamber', 'Extractor', 'Guardian', 'Hatchery', 'Hydralisk', 'Hydralisk Den', 'Lurker', 'Mutalisk', 'Nydus Canal', 'Queen', 'Queens Nest', 'Scourge', 'Spawning Pool', 'Spire', 'Ultralisk', 'Ultralisk Cavern', 'Zergling']
245,['Defiler Mound', 'Devourer', 'Evolution Chamber', 'Extractor', 'Hatchery', 'Hydralisk', 'Hydralisk Den', 'Lurker', 'Mutalisk', 'Queens Nest', 'Scourge', 'Spawning Pool', 'Spire', 'Ultralisk Cavern', 'Zergling']
246,['Defiler', 'Defiler Mound', 'Devourer', 'Evolution Chamber', 'Extractor', 'Hatchery', 'Hydralisk', 'Hydralisk Den', 'Lurker', 'Mutalisk', 'Queens Nest', 'Scourge', 'Spawning Pool', 'Spire', 'Ultralisk Cavern', 'Zergling']
247,['Defiler', 'Defiler Mound', 'Devourer', 'Evolution Chamber', 'Extractor', 'Hatchery', 'Hydralisk', 'Hydralisk Den', 'Lurker', 'Mutalisk', 'Queen', 'Queens Nest', 'Scourge', 'Spawning Pool', 'Spire', 'Ultralisk Cavern', 'Zergling']
248,['Defiler', 'Defiler Mound', 'Devourer', 'Evolution Chamber', 'Extractor', 'Guardian', 'Hatchery', 'Hydralisk', 'Hydralisk Den', 'Lurker', 'Mutalisk', 'Queen', 'Queens Nest', 'Scourge', 'Spawning Pool', 'Spire', 'Ultralisk Cavern', 'Zergling']
249,['Defiler Mound', 'Devourer', 'Evolution Chamber', 'Extractor', 'Guardian', 'Hatchery', 'Hydralisk', 'Hydralisk Den', 'Lurker', 'Mutalisk', 'Queens Nest', 'Scourge', 'Spawning Pool', 'Spire', 'Ultralisk', 'Ultralisk Cavern', 'Zergling']
250,['Evolution Chamber', 'Extractor', 'Hatchery', 'Queen', 'Queens Nest', 'Spawning Pool', 'Spire', 'Zergling']
251,['Evolution Chamber', 'Extractor', 'Hatchery', 'Queen', 'Queens Nest', 'Scourge', 'Spawning Pool', 'Spire', 'Zergling']
252,['Evolution Chamber', 'Extractor', 'Hatchery', 'Mutalisk', 'Queens Nest', 'Scourge', 'Spawning Pool', 'Spire', 'Ultralisk Cavern', 'Zergling']
253,['Defiler Mound', 'Evolution Chamber', 'Extractor', 'Hatchery', 'Hydralisk', 'Hydralisk Den', 'Lurker', 'Mutalisk', 'Queen', 'Queens Nest', 'Scourge', 'Spawning Pool', 'Spire', 'Zergling']
254,['Defiler Mound', 'Evolution Chamber', 'Extractor', 'Hatchery', 'Hydralisk', 'Hydralisk Den', 'Lurker', 'Mutalisk', 'Queen', 'Queens Nest', 'Scourge', 'Spawning Pool', 'Spire', 'Ultralisk Cavern', 'Zergling']
255,['Defiler', 'Defiler Mound', 'Evolution Chamber', 'Extractor', 'Hatchery', 'Hydralisk', 'Hydralisk Den', 'Lurker', 'Mutalisk', 'Queen', 'Queens Nest', 'Scourge', 'Spawning Pool', 'Spire', 'Ultralisk Cavern', 'Zergling']
256,['Devourer', 'Evolution Chamber', 'Extractor', 'Hatchery', 'Hydralisk', 'Hydralisk Den', 'Lurker', 'Mutalisk', 'Queens Nest', 'Scourge', 'Spawning Pool', 'Spire', 'Zergling']
257,['Devourer', 'Evolution Chamber', 'Extractor', 'Guardian', 'Hatchery', 'Hydralisk', 'Hydralisk Den', 'Lurker', 'Mutalisk', 'Queens Nest', 'Scourge', 'Spawning Pool', 'Spire', 'Zergling']
258,['Devourer', 'Evolution Chamber', 'Extractor', 'Hatchery', 'Hydralisk', 'Hydralisk Den', 'Lurker', 'Mutalisk', 'Nydus Canal', 'Queens Nest', 'Scourge', 'Spawning Pool', 'Spire', 'Zergling']
259,['Devourer', 'Evolution Chamber', 'Extractor', 'Guardian', 'Hatchery', 'Hydralisk', 'Hydralisk Den', 'Lurker', 'Mutalisk', 'Nydus Canal', 'Queens Nest', 'Scourge', 'Spawning Pool', 'Spire', 'Zergling']
260,['Defiler Mound', 'Evolution Chamber', 'Extractor', 'Hatchery', 'Hydralisk', 'Hydralisk Den', 'Lurker', 'Nydus Canal', 'Queens Nest', 'Scourge', 'Spawning Pool', 'Spire', 'Zergling']
261,['Defiler Mound', 'Evolution Chamber', 'Extractor', 'Hatchery', 'Hydralisk', 'Hydralisk Den', 'Lurker', 'Nydus Canal', 'Queens Nest', 'Scourge', 'Spawning Pool', 'Spire', 'Ultralisk Cavern', 'Zergling']
262,['Evolution Chamber', 'Extractor', 'Hatchery', 'Hydralisk', 'Hydralisk Den', 'Lurker', 'Nydus Canal', 'Queens Nest', 'Spawning Pool', 'Spire', 'Zergling']
263,['Defiler', 'Defiler Mound', 'Evolution Chamber', 'Extractor', 'Guardian', 'Hatchery', 'Hydralisk', 'Hydralisk Den', 'Lurker', 'Mutalisk', 'Nydus Canal', 'Queens Nest', 'Scourge', 'Spawning Pool', 'Spire', 'Zergling']
264,['Defiler Mound', 'Evolution Chamber', 'Extractor', 'Hatchery', 'Hydralisk', 'Hydralisk Den', 'Lurker', 'Queens Nest', 'Spawning Pool', 'Ultralisk Cavern', 'Zergling']
265,['Devourer', 'Evolution Chamber', 'Extractor', 'Hatchery', 'Hydralisk', 'Hydralisk Den', 'Lurker', 'Mutalisk', 'Queens Nest', 'Scourge', 'Spawning Pool', 'Spire', 'Ultralisk Cavern', 'Zergling']
266,['Devourer', 'Evolution Chamber', 'Extractor', 'Hatchery', 'Hydralisk', 'Hydralisk Den', 'Lurker', 'Mutalisk', 'Queens Nest', 'Scourge', 'Spawning Pool', 'Spire', 'Ultralisk', 'Ultralisk Cavern', 'Zergling']
267,['Evolution Chamber', 'Extractor', 'Guardian', 'Hatchery', 'Hydralisk', 'Hydralisk Den', 'Mutalisk', 'Queens Nest', 'Scourge', 'Spawning Pool', 'Spire', 'Zergling']
268,['Extractor', 'Hatchery', 'Mutalisk', 'Queens Nest', 'Scourge', 'Spawning Pool', 'Spire', 'Zergling']
269,['Extractor', 'Hatchery', 'Hydralisk Den', 'Mutalisk', 'Queens Nest', 'Scourge', 'Spawning Pool', 'Spire', 'Zergling']
270,['Extractor', 'Hatchery', 'Hydralisk', 'Hydralisk Den', 'Mutalisk', 'Queens Nest', 'Scourge', 'Spawning Pool', 'Spire', 'Zergling']
271,['Extractor', 'Hatchery', 'Hydralisk', 'Hydralisk Den', 'Lurker', 'Mutalisk', 'Queens Nest', 'Scourge', 'Spawning Pool', 'Spire', 'Zergling']
272,['Evolution Chamber', 'Extractor', 'Guardian', 'Hatchery', 'Hydralisk', 'Hydralisk Den', 'Lurker', 'Mutalisk', 'Nydus Canal', 'Queens Nest', 'Scourge', 'Spawning Pool', 'Spire', 'Ultralisk Cavern', 'Zergling']
273,['Devourer', 'Evolution Chamber', 'Extractor', 'Guardian', 'Hatchery', 'Hydralisk', 'Hydralisk Den', 'Lurker', 'Mutalisk', 'Nydus Canal', 'Queens Nest', 'Scourge', 'Spawning Pool', 'Spire', 'Ultralisk Cavern', 'Zergling']
274,['Devourer', 'Evolution Chamber', 'Extractor', 'Guardian', 'Hatchery', 'Hydralisk', 'Hydralisk Den', 'Lurker', 'Mutalisk', 'Nydus Canal', 'Queens Nest', 'Scourge', 'Spawning Pool', 'Spire', 'Ultralisk', 'Ultralisk Cavern', 'Zergling']
275,['Extractor', 'Hatchery', 'Hydralisk', 'Hydralisk Den', 'Lurker', 'Queens Nest', 'Spawning Pool', 'Zergling']
276,['Evolution Chamber', 'Extractor', 'Guardian', 'Hatchery', 'Hydralisk', 'Hydralisk Den', 'Lurker', 'Mutalisk', 'Nydus Canal', 'Queens Nest', 'Spawning Pool', 'Spire', 'Zergling']
277,['Evolution Chamber', 'Extractor', 'Guardian', 'Hatchery', 'Hydralisk', 'Hydralisk Den', 'Lurker', 'Mutalisk', 'Nydus Canal', 'Queens Nest', 'Scourge', 'Spawning Pool', 'Spire', 'Zergling']
278,['Defiler Mound', 'Evolution Chamber', 'Extractor', 'Guardian', 'Hatchery', 'Hydralisk', 'Hydralisk Den', 'Lurker', 'Mutalisk', 'Nydus Canal', 'Queens Nest', 'Scourge', 'Spawning Pool', 'Spire', 'Ultralisk Cavern', 'Zergling']
279,['Defiler Mound', 'Evolution Chamber', 'Extractor', 'Guardian', 'Hatchery', 'Hydralisk', 'Hydralisk Den', 'Lurker', 'Mutalisk', 'Nydus Canal', 'Queens Nest', 'Scourge', 'Spawning Pool', 'Spire', 'Ultralisk', 'Ultralisk Cavern', 'Zergling']
280,['Evolution Chamber', 'Extractor', 'Hatchery', 'Hydralisk Den', 'Queens Nest', 'Spawning Pool', 'Zergling']
281,['Defiler', 'Defiler Mound', 'Evolution Chamber', 'Extractor', 'Hatchery', 'Hydralisk', 'Hydralisk Den', 'Lurker', 'Nydus Canal', 'Queens Nest', 'Scourge', 'Spawning Pool', 'Spire', 'Zergling']
282,['Defiler Mound', 'Devourer', 'Evolution Chamber', 'Extractor', 'Hatchery', 'Hydralisk', 'Hydralisk Den', 'Mutalisk', 'Queens Nest', 'Scourge', 'Spawning Pool', 'Spire', 'Zergling']
283,['Defiler', 'Defiler Mound', 'Devourer', 'Evolution Chamber', 'Extractor', 'Hatchery', 'Hydralisk', 'Hydralisk Den', 'Mutalisk', 'Queens Nest', 'Scourge', 'Spawning Pool', 'Spire', 'Ultralisk Cavern', 'Zergling']
284,['Evolution Chamber', 'Extractor', 'Hatchery', 'Spawning Pool']
285,['Defiler Mound', 'Evolution Chamber', 'Extractor', 'Hatchery', 'Hydralisk', 'Hydralisk Den', 'Lurker', 'Queens Nest', 'Spawning Pool', 'Spire', 'Ultralisk Cavern', 'Zergling']
286,['Defiler Mound', 'Evolution Chamber', 'Extractor', 'Hatchery', 'Hydralisk', 'Hydralisk Den', 'Lurker', 'Mutalisk', 'Nydus Canal', 'Queens Nest', 'Spawning Pool', 'Spire', 'Ultralisk', 'Ultralisk Cavern', 'Zergling']
287,['Defiler', 'Defiler Mound', 'Evolution Chamber', 'Extractor', 'Hatchery', 'Hydralisk', 'Hydralisk Den', 'Lurker', 'Nydus Canal', 'Queens Nest', 'Spawning Pool', 'Spire', 'Ultralisk Cavern', 'Zergling']
288,['Evolution Chamber', 'Extractor', 'Guardian', 'Hatchery', 'Mutalisk', 'Nydus Canal', 'Queens Nest', 'Scourge', 'Spawning Pool', 'Spire', 'Ultralisk', 'Ultralisk Cavern', 'Zergling']
289,['Defiler', 'Defiler Mound', 'Devourer', 'Evolution Chamber', 'Extractor', 'Guardian', 'Hatchery', 'Hydralisk', 'Hydralisk Den', 'Mutalisk', 'Queens Nest', 'Scourge', 'Spawning Pool', 'Spire', 'Ultralisk Cavern', 'Zergling']
290,['Defiler', 'Defiler Mound', 'Devourer', 'Evolution Chamber', 'Extractor', 'Guardian', 'Hatchery', 'Hydralisk', 'Hydralisk Den', 'Mutalisk', 'Queens Nest', 'Scourge', 'Spawning Pool', 'Spire', 'Ultralisk', 'Ultralisk Cavern', 'Zergling']
291,['Evolution Chamber', 'Extractor', 'Guardian', 'Hatchery', 'Hydralisk', 'Hydralisk Den', 'Mutalisk', 'Queens Nest', 'Scourge', 'Spawning Pool', 'Spire', 'Ultralisk', 'Ultralisk Cavern', 'Zergling']
292,['Extractor', 'Hatchery', 'Hydralisk Den', 'Queens Nest', 'Scourge', 'Spawning Pool', 'Spire', 'Zergling']
293,['Extractor', 'Hatchery', 'Hydralisk', 'Hydralisk Den', 'Mutalisk', 'Queens Nest', 'Spawning Pool', 'Spire', 'Zergling']
294,['Evolution Chamber', 'Extractor', 'Guardian', 'Hatchery', 'Hydralisk', 'Hydralisk Den', 'Lurker', 'Mutalisk', 'Nydus Canal', 'Queens Nest', 'Scourge', 'Spawning Pool', 'Spire', 'Ultralisk', 'Ultralisk Cavern', 'Zergling']
295,['Evolution Chamber', 'Extractor', 'Hatchery', 'Hydralisk Den', 'Queens Nest', 'Spawning Pool', 'Spire', 'Zergling']
296,['Evolution Chamber', 'Extractor', 'Guardian', 'Hatchery', 'Hydralisk', 'Hydralisk Den', 'Lurker', 'Mutalisk', 'Queens Nest', 'Spawning Pool', 'Spire', 'Zergling']
297,['Devourer', 'Extractor', 'Guardian', 'Hatchery', 'Mutalisk', 'Spawning Pool', 'Spire', 'Zergling']
298,['Devourer', 'Evolution Chamber', 'Extractor', 'Guardian', 'Hatchery', 'Mutalisk', 'Spawning Pool', 'Spire', 'Zergling']
299,['Devourer', 'Evolution Chamber', 'Extractor', 'Guardian', 'Hatchery', 'Hydralisk Den', 'Mutalisk', 'Queens Nest', 'Spawning Pool', 'Spire', 'Zergling']
300,['Evolution Chamber', 'Extractor', 'Guardian', 'Hatchery', 'Hydralisk Den', 'Mutalisk', 'Queens Nest', 'Scourge', 'Spawning Pool', 'Spire', 'Zergling']
301,['Defiler Mound', 'Devourer', 'Evolution Chamber', 'Extractor', 'Guardian', 'Hatchery', 'Hydralisk Den', 'Mutalisk', 'Queens Nest', 'Scourge', 'Spawning Pool', 'Spire', 'Zergling']
302,['Defiler', 'Defiler Mound', 'Devourer', 'Evolution Chamber', 'Extractor', 'Hatchery', 'Hydralisk', 'Hydralisk Den', 'Lurker', 'Mutalisk', 'Queen', 'Queens Nest', 'Scourge', 'Spawning Pool', 'Spire', 'Ultralisk', 'Ultralisk Cavern', 'Zergling']
303,['Extractor', 'Mutalisk', 'Scourge', 'Spawning Pool', 'Spire', 'Zergling']
304,['Defiler', 'Defiler Mound', 'Evolution Chamber', 'Extractor', 'Hatchery', 'Hydralisk', 'Hydralisk Den', 'Lurker', 'Queens Nest', 'Spawning Pool', 'Zergling']
305,['Defiler Mound', 'Evolution Chamber', 'Extractor', 'Hatchery', 'Mutalisk', 'Queens Nest', 'Scourge', 'Spawning Pool', 'Spire', 'Ultralisk', 'Ultralisk Cavern', 'Zergling']
306,['Defiler', 'Defiler Mound', 'Evolution Chamber', 'Extractor', 'Hatchery', 'Mutalisk', 'Queens Nest', 'Scourge', 'Spawning Pool', 'Spire', 'Ultralisk', 'Ultralisk Cavern', 'Zergling']
307,['Extractor', 'Hatchery', 'Queens Nest', 'Spawning Pool', 'Spire', 'Zergling']
308,['Evolution Chamber', 'Extractor', 'Hatchery', 'Hydralisk', 'Hydralisk Den', 'Queens Nest', 'Spawning Pool', 'Ultralisk Cavern', 'Zergling']
309,['Evolution Chamber', 'Extractor', 'Hatchery', 'Hydralisk', 'Hydralisk Den', 'Queens Nest', 'Spawning Pool', 'Ultralisk', 'Ultralisk Cavern', 'Zergling']
310,['Evolution Chamber', 'Extractor', 'Hatchery', 'Hydralisk', 'Hydralisk Den', 'Nydus Canal', 'Queens Nest', 'Spawning Pool', 'Ultralisk', 'Ultralisk Cavern', 'Zergling']
311,['Defiler Mound', 'Evolution Chamber', 'Extractor', 'Hatchery', 'Hydralisk', 'Hydralisk Den', 'Nydus Canal', 'Queens Nest', 'Spawning Pool', 'Ultralisk', 'Ultralisk Cavern', 'Zergling']
312,['Devourer', 'Evolution Chamber', 'Extractor', 'Hatchery', 'Mutalisk', 'Nydus Canal', 'Queens Nest', 'Scourge', 'Spawning Pool', 'Spire', 'Zergling']
313,['Defiler Mound', 'Evolution Chamber', 'Extractor', 'Hatchery', 'Hydralisk', 'Hydralisk Den', 'Lurker', 'Mutalisk', 'Nydus Canal', 'Queen', 'Queens Nest', 'Scourge', 'Spawning Pool', 'Spire', 'Zergling']
314,['Defiler Mound', 'Evolution Chamber', 'Extractor', 'Hatchery', 'Hydralisk', 'Hydralisk Den', 'Lurker', 'Mutalisk', 'Nydus Canal', 'Queen', 'Queens Nest', 'Scourge', 'Spawning Pool', 'Spire', 'Ultralisk Cavern', 'Zergling']
315,['Defiler Mound', 'Evolution Chamber', 'Extractor', 'Hatchery', 'Hydralisk', 'Hydralisk Den', 'Lurker', 'Nydus Canal', 'Queens Nest', 'Spawning Pool', 'Spire', 'Ultralisk', 'Ultralisk Cavern', 'Zergling']
316,['Defiler Mound', 'Evolution Chamber', 'Extractor', 'Hatchery', 'Hydralisk', 'Hydralisk Den', 'Queens Nest', 'Spawning Pool', 'Ultralisk Cavern', 'Zergling']
317,['Defiler Mound', 'Evolution Chamber', 'Extractor', 'Hatchery', 'Hydralisk', 'Hydralisk Den', 'Queens Nest', 'Spawning Pool', 'Ultralisk', 'Ultralisk Cavern', 'Zergling']
318,['Evolution Chamber', 'Extractor', 'Hatchery', 'Hydralisk', 'Hydralisk Den', 'Lurker', 'Nydus Canal', 'Queens Nest', 'Spawning Pool', 'Zergling']
319,['Evolution Chamber', 'Extractor', 'Hatchery', 'Hydralisk', 'Hydralisk Den', 'Lurker', 'Nydus Canal', 'Queens Nest', 'Spawning Pool', 'Spire', 'Ultralisk Cavern', 'Zergling']
320,['Defiler Mound', 'Devourer', 'Evolution Chamber', 'Extractor', 'Hatchery', 'Hydralisk', 'Hydralisk Den', 'Lurker', 'Mutalisk', 'Queens Nest', 'Scourge', 'Spawning Pool', 'Spire', 'Zergling']
321,['Defiler', 'Defiler Mound', 'Devourer', 'Evolution Chamber', 'Extractor', 'Hatchery', 'Hydralisk', 'Hydralisk Den', 'Lurker', 'Mutalisk', 'Queens Nest', 'Scourge', 'Spawning Pool', 'Spire', 'Zergling']
322,['Defiler', 'Defiler Mound', 'Devourer', 'Evolution Chamber', 'Extractor', 'Hatchery', 'Hydralisk', 'Hydralisk Den', 'Lurker', 'Mutalisk', 'Queen', 'Queens Nest', 'Scourge', 'Spawning Pool', 'Spire', 'Zergling']
323,['Defiler', 'Defiler Mound', 'Devourer', 'Evolution Chamber', 'Extractor', 'Guardian', 'Hatchery', 'Hydralisk', 'Hydralisk Den', 'Lurker', 'Mutalisk', 'Queen', 'Queens Nest', 'Scourge', 'Spawning Pool', 'Spire', 'Zergling']
324,['Evolution Chamber', 'Extractor', 'Hatchery', 'Hydralisk Den', 'Spawning Pool']
325,['Evolution Chamber', 'Extractor', 'Hatchery', 'Hydralisk', 'Hydralisk Den', 'Spawning Pool']
326,['Evolution Chamber', 'Extractor', 'Guardian', 'Hatchery', 'Hydralisk', 'Hydralisk Den', 'Lurker', 'Mutalisk', 'Nydus Canal', 'Queens Nest', 'Spawning Pool', 'Spire', 'Ultralisk Cavern', 'Zergling']
327,['Defiler Mound', 'Evolution Chamber', 'Extractor', 'Guardian', 'Hatchery', 'Mutalisk', 'Queens Nest', 'Scourge', 'Spawning Pool', 'Spire', 'Zergling']
328,['Defiler Mound', 'Evolution Chamber', 'Extractor', 'Guardian', 'Hatchery', 'Hydralisk Den', 'Mutalisk', 'Queens Nest', 'Scourge', 'Spawning Pool', 'Spire', 'Zergling']
329,['Defiler Mound', 'Evolution Chamber', 'Extractor', 'Guardian', 'Hatchery', 'Hydralisk', 'Hydralisk Den', 'Mutalisk', 'Queens Nest', 'Scourge', 'Spawning Pool', 'Spire', 'Zergling']
330,['Defiler', 'Defiler Mound', 'Evolution Chamber', 'Extractor', 'Guardian', 'Hatchery', 'Hydralisk', 'Hydralisk Den', 'Mutalisk', 'Queens Nest', 'Scourge', 'Spawning Pool', 'Spire', 'Zergling']
331,['Evolution Chamber', 'Extractor', 'Hatchery', 'Hydralisk', 'Hydralisk Den', 'Mutalisk', 'Nydus Canal', 'Queens Nest', 'Scourge', 'Spawning Pool', 'Spire', 'Ultralisk Cavern', 'Zergling']
332,['Evolution Chamber', 'Extractor', 'Hatchery', 'Hydralisk', 'Hydralisk Den', 'Mutalisk', 'Nydus Canal', 'Queens Nest', 'Scourge', 'Spawning Pool', 'Spire', 'Ultralisk', 'Ultralisk Cavern', 'Zergling']
333,['Defiler', 'Defiler Mound', 'Evolution Chamber', 'Extractor', 'Hatchery', 'Hydralisk', 'Hydralisk Den', 'Lurker', 'Queens Nest', 'Spawning Pool', 'Ultralisk Cavern', 'Zergling']
334,['Extractor', 'Hatchery', 'Hydralisk Den', 'Spawning Pool']
335,['Defiler Mound', 'Evolution Chamber', 'Extractor', 'Hatchery', 'Hydralisk', 'Hydralisk Den', 'Queens Nest', 'Spawning Pool', 'Zergling']
336,['Defiler', 'Defiler Mound', 'Evolution Chamber', 'Extractor', 'Hatchery', 'Hydralisk', 'Hydralisk Den', 'Queens Nest', 'Spawning Pool', 'Zergling']
337,['Defiler', 'Defiler Mound', 'Evolution Chamber', 'Extractor', 'Hatchery', 'Hydralisk', 'Hydralisk Den', 'Mutalisk', 'Queens Nest', 'Spawning Pool', 'Spire', 'Zergling']
338,['Extractor', 'Hatchery', 'Hydralisk', 'Hydralisk Den', 'Lurker', 'Mutalisk', 'Queens Nest', 'Spawning Pool', 'Spire', 'Zergling']
339,['Evolution Chamber', 'Extractor', 'Hatchery', 'Queens Nest', 'Spawning Pool', 'Spire', 'Ultralisk Cavern', 'Zergling']
340,['Evolution Chamber', 'Extractor', 'Hatchery', 'Queens Nest', 'Spawning Pool', 'Spire', 'Ultralisk', 'Ultralisk Cavern', 'Zergling']
341,['Defiler Mound', 'Evolution Chamber', 'Extractor', 'Guardian', 'Hatchery', 'Hydralisk', 'Hydralisk Den', 'Lurker', 'Mutalisk', 'Queens Nest', 'Scourge', 'Spawning Pool', 'Spire', 'Ultralisk', 'Ultralisk Cavern', 'Zergling']
342,['Devourer', 'Extractor', 'Guardian', 'Hatchery', 'Mutalisk', 'Queens Nest', 'Scourge', 'Spawning Pool', 'Spire', 'Zergling']
343,['Devourer', 'Evolution Chamber', 'Extractor', 'Guardian', 'Hatchery', 'Mutalisk', 'Queens Nest', 'Scourge', 'Spawning Pool', 'Spire', 'Ultralisk Cavern', 'Zergling']
344,['Extractor', 'Guardian', 'Hatchery', 'Hydralisk Den', 'Mutalisk', 'Queens Nest', 'Spawning Pool', 'Spire', 'Zergling']
345,['Evolution Chamber', 'Extractor', 'Guardian', 'Hatchery', 'Hydralisk Den', 'Mutalisk', 'Queens Nest', 'Spawning Pool', 'Spire', 'Zergling']
346,['Defiler Mound', 'Evolution Chamber', 'Extractor', 'Hatchery', 'Hydralisk', 'Hydralisk Den', 'Lurker', 'Mutalisk', 'Queens Nest', 'Spawning Pool', 'Spire', 'Ultralisk Cavern', 'Zergling']
347,['Evolution Chamber', 'Extractor', 'Hatchery', 'Queens Nest', 'Spawning Pool', 'Ultralisk Cavern', 'Zergling']
348,['Evolution Chamber', 'Extractor', 'Hatchery', 'Queens Nest', 'Spawning Pool', 'Ultralisk', 'Ultralisk Cavern', 'Zergling']
349,['Evolution Chamber', 'Extractor', 'Hatchery', 'Hydralisk Den', 'Mutalisk', 'Nydus Canal', 'Queens Nest', 'Scourge', 'Spawning Pool', 'Spire', 'Zergling']
350,['Evolution Chamber', 'Extractor', 'Hatchery', 'Hydralisk Den', 'Mutalisk', 'Nydus Canal', 'Queens Nest', 'Scourge', 'Spawning Pool', 'Spire', 'Ultralisk Cavern', 'Zergling']
351,['Evolution Chamber', 'Extractor', 'Hatchery', 'Hydralisk Den', 'Mutalisk', 'Nydus Canal', 'Queens Nest', 'Scourge', 'Spawning Pool', 'Spire', 'Ultralisk', 'Ultralisk Cavern', 'Zergling']
352,['Evolution Chamber', 'Extractor', 'Guardian', 'Hatchery', 'Hydralisk Den', 'Mutalisk', 'Nydus Canal', 'Queens Nest', 'Scourge', 'Spawning Pool', 'Spire', 'Ultralisk', 'Ultralisk Cavern', 'Zergling']
353,['Evolution Chamber', 'Extractor', 'Hatchery', 'Mutalisk', 'Queen', 'Queens Nest', 'Spawning Pool', 'Spire', 'Ultralisk Cavern', 'Zergling']
354,['Evolution Chamber', 'Extractor', 'Hatchery', 'Mutalisk', 'Queen', 'Queens Nest', 'Spawning Pool', 'Spire', 'Ultralisk', 'Ultralisk Cavern', 'Zergling']
355,['Evolution Chamber', 'Extractor', 'Guardian', 'Hatchery', 'Mutalisk', 'Queen', 'Queens Nest', 'Spawning Pool', 'Spire', 'Ultralisk', 'Ultralisk Cavern', 'Zergling']
356,['Evolution Chamber', 'Extractor', 'Guardian', 'Hatchery', 'Mutalisk', 'Queen', 'Queens Nest', 'Scourge', 'Spawning Pool', 'Spire', 'Ultralisk', 'Ultralisk Cavern', 'Zergling']
357,['Defiler Mound', 'Evolution Chamber', 'Extractor', 'Hatchery', 'Mutalisk', 'Queens Nest', 'Spawning Pool', 'Spire', 'Ultralisk Cavern', 'Zergling']
358,['Defiler Mound', 'Evolution Chamber', 'Extractor', 'Hatchery', 'Mutalisk', 'Queens Nest', 'Spawning Pool', 'Spire', 'Ultralisk', 'Ultralisk Cavern', 'Zergling']
359,['Defiler Mound', 'Evolution Chamber', 'Extractor', 'Guardian', 'Hatchery', 'Mutalisk', 'Queens Nest', 'Spawning Pool', 'Spire', 'Ultralisk', 'Ultralisk Cavern', 'Zergling']
360,['Devourer', 'Evolution Chamber', 'Extractor', 'Hatchery', 'Hydralisk', 'Hydralisk Den', 'Mutalisk', 'Queens Nest', 'Scourge', 'Spawning Pool', 'Spire', 'Ultralisk Cavern', 'Zergling']
361,['Devourer', 'Evolution Chamber', 'Extractor', 'Hatchery', 'Hydralisk', 'Hydralisk Den', 'Mutalisk', 'Queens Nest', 'Scourge', 'Spawning Pool', 'Spire', 'Ultralisk', 'Ultralisk Cavern', 'Zergling']
